ticker,pdf,date,type,source,url,title,date_name,,,,,,,,,,,,,,,,,,,
AAPL,yes,11/1/2024,Company presentation,apple,https://www.apple.com/newsroom/2024/11/driving-the-game-forward-ipad-teams-up-with-college-football/,driving-the-game-forward-ipad-teams-up-with-college-footbal,2024-11-01_AAPL_Company presentation_driving-the-game-forward-ipad-teams-up-with-college-footbal,,,,,,,,,,,,,,,,,,,
AAPL,yes,10/31/2024,Press release,apple,https://www.apple.com/newsroom/2024/10/apple-reports-fourth-quarter-results/,Apple reports fourth quarter results,2024-10-31_AAPL_Press release_Apple reports fourth quarter results,,,,,,,,,,,,,,,,,,,
AAPL,yes,10/31/2024,Press release,apple,https://www.apple.com/newsroom/pdfs/fy2024-q4/FY24_Q4_Consolidated_Financial_Statements.pdf,FY24_Q4_Consolidated_Financial_Statements,2024-10-31_AAPL_Press release_FY24_Q4_Consolidated_Financial_Statements,,,,,,,,,,,,,,,,,,,
AAPL,yes,10/1/2024,Press release,apple,https://s2.q4cdn.com/470004039/files/doc_downloads/additional_reports/2023/apple_greenbond_report_fy2023.pdf,apple_greenbond_report_fy2023,2024-10-01_AAPL_Press release_apple_greenbond_report_fy2023,,,,,,,,,,,,,,,,,,,
AAPL,yes,10/1/2024,Press release,apple,https://www.apple.com/nz/supplier-responsibility/pdf/Apple-Supplier-List.pdf,Apple-Supplier-Lis,2024-10-01_AAPL_Press release_Apple-Supplier-Lis,,,,,,,,,,,,,,,,,,,
AAPL,yes,11/4/2024,News,bloomberg,https://www.bloomberg.com/news/articles/2024-11-04/apple-explores-push-into-smart-glasses-with-atlas-user-study,Apple Explores Push Into Smart Glasses With ‘Atlas’ User Study,2024-11-04_AAPL_News_Apple Explores Push Into Smart Glasses With ‘Atlas’ User Study,,,,,,,,,,,,,,,,,,,
AAPL,yes,10/31/2024,News,bloomberg,https://www.bloomberg.com/news/articles/2024-10-31/apple-meets-sales-estimates-but-china-region-remains-weak-spot,"Apple (AAPL) Meets Sales Estimates, But China Region Remains Weak - Bloomberg","2024-10-31_AAPL_News_Apple (AAPL) Meets Sales Estimates, But China Region Remains Weak - Bloomberg",,,,,,,,,,,,,,,,,,,
AAPL,yes,11/1/2024,News,bloomberg,https://www.bloomberg.com/news/articles/2024-11-01/airpods-maker-goertek-is-said-to-pick-banks-for-unit-s-hong-kong-ipo,AirPods Maker GoerTek Picks Banks for Unit’s Hong Kong IPO,2024-11-01_AAPL_News_AirPods Maker GoerTek Picks Banks for Unit’s Hong Kong IPO,,,,,,,,,,,,,,,,,,,
AAPL,yes,10/27/2024,News,bloomberg,https://www.bloomberg.com/news/newsletters/2024-10-27/apple-m4-macbook-pro-mac-mini-imac-launch-details-ios-18-2-chatgpt-testing-m2rl1vws,"Apple Set to Give the Mac Its Long-Awaited M4 Chip Overhaul:
Power On","2024-10-27_AAPL_News_Apple Set to Give the Mac Its Long-Awaited M4 Chip Overhaul:
Power On",,,,,,,,,,,,,,,,,,,
AAPL,yes,10/23/2024,News,bloomberg,https://www.bloomberg.com/news/articles/2024-10-23/apple-makes-headway-on-m4-macbook-air-and-plans-new-low-end-ipad,Apple Makes Headway on M4 MacBook Air and Plans New LowEnd iPad,2024-10-23_AAPL_News_Apple Makes Headway on M4 MacBook Air and Plans New LowEnd iPad,,,,,,,,,,,,,,,,,,,
AAPL,yes,10/7/2024,News,bloomberg,https://www.bloomberg.com/news/articles/2024-10-07/apple-s-dan-rosckes-to-retire-as-global-head-of-procurement,Apple’s Dan Rosckes to Retire as Global Head of Procurement,2024-10-07_AAPL_News_Apple’s Dan Rosckes to Retire as Global Head of Procurement,,,,,,,,,,,,,,,,,,,
AAPL,yes,11/1/2024,News,bloomberg,https://www.bloomberg.com/news/articles/2024-11-01/apple-to-acquire-pixelmator-maker-of-popular-photo-editing-apps,"Apple to Buy Pixelmator, Maker of Popular Photo-Editing Apps","2024-11-01_AAPL_News_Apple to Buy Pixelmator, Maker of Popular Photo-Editing Apps",,,,,,,,,,,,,,,,,,,
AAPL,yes,10/9/2024,News,bloomberg,https://www.bloomberg.com/news/articles/2024-10-09/apple-s-dan-riccio-key-executive-in-both-the-jobs-and-cook-eras-to-retire,"Apple’s Dan Riccio, Key Executive in Both the Jobs and Cook Eras,
to Retire","2024-10-09_AAPL_News_Apple’s Dan Riccio, Key Executive in Both the Jobs and Cook Eras,
to Retire",,,,,,,,,,,,,,,,,,,
AAPL,yes,10/23/2024,News,bloomberg,https://www.bloomberg.com/news/articles/2024-10-23/goldman-apple-to-pay-89-million-following-cfpb-card-probe,"Goldman, Apple to Pay $89 Million After CFPB Card Probe","2024-10-23_AAPL_News_Goldman, Apple to Pay $89 Million After CFPB Card Probe",,,,,,,,,,,,,,,,,,,
AAPL,yes,11/4/2024,News,bloomberg,https://www.bloomberg.com/news/articles/2024-11-03/buffett-keeps-cutting-apple-stake-with-value-down-60-this-year,"Buffett Keeps Cutting Apple Inc. Stake, With Value Down 60","2024-11-04_AAPL_News_Buffett Keeps Cutting Apple Inc. Stake, With Value Down 60",,,,,,,,,,,,,,,,,,,
AAPL,yes,10/7/2024,News,bloomberg,https://www.bloomberg.com/news/articles/2024-10-07/apple-dips-as-jefferies-says-hopes-for-ai-phone-are-overblown,Apple Falls as Jefferies Says AI iPhone Hopes Are Overblown,2024-10-07_AAPL_News_Apple Falls as Jefferies Says AI iPhone Hopes Are Overblown,,,,,,,,,,,,,,,,,,,
AAPL,yes,10/15/2024,News,bloomberg,https://www.bloomberg.com/news/articles/2024-10-15/apple-stock-hits-record-on-optimism-ai-will-spur-iphone-sales,Apple Stock Hits Record on Optimism AI Will Spur iPhone Sales,2024-10-15_AAPL_News_Apple Stock Hits Record on Optimism AI Will Spur iPhone Sales,,,,,,,,,,,,,,,,,,,
AAPL,yes,11/5/2024,News,macdailynews,https://macdailynews.com/2024/11/05/berkshire-hathaways-tax-bill-on-2024-apple-stock-sales-20-billion/,Berkshire Hathaway’s tax bill on 2024 Apple stock sales: $20 billion,2024-11-05_AAPL_News_Berkshire Hathaway’s tax bill on 2024 Apple stock sales: $20 billion,,,,,,,,,,,,,,,,,,,
AAPL,yes,11/5/2024,News,macrumors,https://www.macrumors.com/2024/11/05/masimo-apple-california-trade-secret-trial/,Apple Continues Working to Get Blood Oxygen Sensing Back in U.S.,2024-11-05_AAPL_News_Apple Continues Working to Get Blood Oxygen Sensing Back in U.S.,,,,,,,,,,,,,,,,,,,
AAPL,yes,11/5/2024,News,seekingalpha,https://seekingalpha.com/article/4733411-apple-walled-garden-is-falling-triple-downgrade?utm_source=bloomberg_st&utm_medium=referral&feed_item_type=article,apple walled garden is falling,2024-11-05_AAPL_News_apple walled garden is falling,,,,,,,,,,,,,,,,,,,
AAPL,yes,10/10/2024,News,barrons,https://www.barrons.com/articles/apple-iphone-stock-entry-level-se-41e0cdd4?_gl=1*kdeokj*_gcl_au*NzAxNTUxMzQuMTczMDc4MzE1Nw..*_ga*MTcxNTQ1Mzc2OS4xNzMwNzgzMTU3,Apple CEO Tim Cook Just Sold $50 Million of Stock. It’s Part of a Two-Year Plan.,2024-10-10_AAPL_News_Apple CEO Tim Cook Just Sold $50 Million of Stock. It’s Part of a Two-Year Plan.,,,,,,,,,,,,,,,,,,,
AAPL,yes,10/18/2024,News,WSJ,"
https://www.wsj.com/tech/personal-tech/apple-vision-pro-software-sales-fec324c0","Apple Headset Stalls, Struggles to Attract Killer Apps in First Year","2024-10-18_AAPL_News_Apple Headset Stalls, Struggles to Attract Killer Apps in First Year",,,,,,,,,,,,,,,,,,,
AAPL,yes,10/31/2024,News,WSJ,https://www.wsj.com/tech/apple-earnings-q4-aapl-stock-8552e5b6,Apple Sales Hit Quarterly Record as iPhone Business Rebounds,2024-10-31_AAPL_News_Apple Sales Hit Quarterly Record as iPhone Business Rebounds,,,,,,,,,,,,,,,,,,,
AAPL,yes,10/28/2024,News,WSJ,https://www.wsj.com/tech/why-apples-ai-success-hinges-on-the-iphone-a0fc26c4,Why Apple’s AI Success Hinges on the iPhone,2024-10-28_AAPL_News_Why Apple’s AI Success Hinges on the iPhone,,,,,,,,,,,,,,,,,,,
AAPL,yes,10/25/2024,News,IBD,https://www.investors.com/news/technology/apple-stock-aapl-downgraded-to-sell-before-fiscal-q4-report/,Apple Stock Downgraded To Sell Ahead Of Earnings. Here's Why,2024-10-25_AAPL_News_Apple Stock Downgraded To Sell Ahead Of Earnings. Here's Why,,,,,,,,,,,,,,,,,,,
NVDA,yes,11/20/2024,Company news,Nvidia,https://nvidianews.nvidia.com/_gallery/download_pdf/673e52d63d6332ce4bb72f56/,NVIDIA Announces Financial Results for Third Quarter Fiscal 2025,2024-11-20_NVDA_Company news_NVIDIA Announces Financial Results for Third Quarter Fiscal 2025,,,,,,,,,,,,,,,,,,,
NVDA,yes,11/7/2024,Company news,Nvidia,https://blogs.nvidia.com/blog/ai-summit-japan/,Nvida blog ai-summit-japa,2024-11-07_NVDA_Company news_Nvida blog ai-summit-japa,,,,,,,,,,,,,,,,,,,
NVDA,yes,11/7/2024,Company news,Nvidia,https://nvidianews.nvidia.com/_gallery/download_pdf/672d31a33d633231d21c7e2e/,NVIDIA Names Ellen Ochoa to Board of Directors,2024-11-07_NVDA_Company news_NVIDIA Names Ellen Ochoa to Board of Directors,,,,,,,,,,,,,,,,,,,
NVDA,yes,11/6/2024,Company news,Nvidia,https://blogs.nvidia.com/blog/hugging-face-lerobot-open-source-robotics/,blog hugging-face-lerobot-open-source-robotics,2024-11-06_NVDA_Company news_blog hugging-face-lerobot-open-source-robotics,,,,,,,,,,,,,,,,,,,
NVDA,yes,11/6/2024,Company news,Nvidia,https://blogs.nvidia.com/blog/ai-decoded-obsidian/,Get Plugged In How to Use Generative AI Tools in Obsidian,2024-11-06_NVDA_Company news_Get Plugged In How to Use Generative AI Tools in Obsidian,,,,,,,,,,,,,,,,,,,
NVDA,yes,11/6/2024,Company news,Nvidia,https://blogs.nvidia.com/blog/robot-learning-humanoid-development/,NVIDIA Advances Robot Learning and Humanoid Development With New AI and Simulation Tools,2024-11-06_NVDA_Company news_NVIDIA Advances Robot Learning and Humanoid Development With New AI and Simulation Tools,,,,,,,,,,,,,,,,,,,
NVDA,yes,11/5/2024,Company news,Nvidia,https://blogs.nvidia.com/blog/rekor-metropolis-ai-jetson-roadway-safety/,"Austin Calling As Texas Absorbs Influx of Residents, Rekor Taps NVIDIA Technology for Roadway Safety, Traffic Relief","2024-11-05_NVDA_Company news_Austin Calling As Texas Absorbs Influx of Residents, Rekor Taps NVIDIA Technology for Roadway Safety, Traffic Relief",,,,,,,,,,,,,,,,,,,
NVDA,yes,11/5/2024,Company news,Nvidia,https://blogs.nvidia.com/blog/video-search-summarization-ai-agents/,Give AI a Look Any Industry Can Now Search and Summarize Vast Volumes of Visual Data,2024-11-05_NVDA_Company news_Give AI a Look Any Industry Can Now Search and Summarize Vast Volumes of Visual Data,,,,,,,,,,,,,,,,,,,
NVDA,yes,10/28/2024,Company news,Nvidia,https://nvidianews.nvidia.com/_gallery/download_pdf/671fa7883d6332142b9a3c7c/,"NVIDIA Ethernet Networking Accelerates World’s Largest AI Supercomputer, Built by xAI","2024-10-28_NVDA_Company news_NVIDIA Ethernet Networking Accelerates World’s Largest AI Supercomputer, Built by xAI",,,,,,,,,,,,,,,,,,,
NVDA,yes,10/28/2024,Company news,Nvidia,https://nvidianews.nvidia.com/news/spectrum-x-ethernet-networking-xai-colossus,"NVIDIA Ethernet Networking Accelerates World’s Largest AI Supercomputer, Built by xAI","2024-10-28_NVDA_Company news_NVIDIA Ethernet Networking Accelerates World’s Largest AI Supercomputer, Built by xAI",,,,,,,,,,,,,,,,,,,
NVDA,yes,10/24/2024,Company news,Nvidia,https://blogs.nvidia.com/blog/india-ai-summit-jensen-huang/,Nvidia blog India AI summit,2024-10-24_NVDA_Company news_Nvidia blog India AI summit,,,,,,,,,,,,,,,,,,,
NVDA,yes,10/23/2024,Company news,Nvidia,https://blogs.nvidia.com/blog/denmark-sovereign-ai-supercomputer/,Denmark Launches Leading Sovereign AI Supercomputer to Solve Scientific Challenges With Social Impact,2024-10-23_NVDA_Company news_Denmark Launches Leading Sovereign AI Supercomputer to Solve Scientific Challenges With Social Impact,,,,,,,,,,,,,,,,,,,
NVDA,yes,10/15/2024,Company news,Nvidia,https://nvidianews.nvidia.com/_gallery/download_pdf/670e9919ed6ae5165bc90be0/,"NVIDIA Contributes Blackwell Platform Design to Open Hardware Ecosystem, Accelerating AI Infrastructure Innovation","2024-10-15_NVDA_Company news_NVIDIA Contributes Blackwell Platform Design to Open Hardware Ecosystem, Accelerating AI Infrastructure Innovation",,,,,,,,,,,,,,,,,,,
NVDA,yes,10/8/2024,Company news,Nvidia,https://nvidianews.nvidia.com/_gallery/download_pdf/67054e7c3d6332ec318de888/,US Technology Leaders Tap NVIDIA AI Software to Transform World’s Industries,2024-10-08_NVDA_Company news_US Technology Leaders Tap NVIDIA AI Software to Transform World’s Industries,,,,,,,,,,,,,,,,,,,
NVDA,yes,10/1/2024,Company presentation,Nvidia,https://s201.q4cdn.com/141608511/files/doc_presentations/2024/Oct/NVIDIA-Investor-Presentation-Oct-2024.pdf,NVIDIA-Investor-Presentation-Oct-2024,2024-10-01_NVDA_Company presentation_NVIDIA-Investor-Presentation-Oct-2024,,,,,,,,,,,,,,,,,,,
NVDA,yes,9/28/2024,Company news,Nvidia,https://nvidianews.nvidia.com/_gallery/download_pdf/66cf872bed6ae51c7417f273/,NVIDIA Announces Financial Results for Second Quarter Fiscal 2025,2024-09-28_NVDA_Company news_NVIDIA Announces Financial Results for Second Quarter Fiscal 2025,,,,,,,,,,,,,,,,,,,
NVDA,yes,9/3/2024,Company presentation,Nvidia,https://s201.q4cdn.com/141608511/files/doc_financials/2025/q2/NVDA-F2Q25-Quarterly-Presentation-FINAL.pdf,NVDA-F2Q25-Quarterly-Presentation,2024-09-03_NVDA_Company presentation_NVDA-F2Q25-Quarterly-Presentation,,,,,,,,,,,,,,,,,,,
NVDA,yes,8/29/2024,Company presentation,Nvidia,https://s201.q4cdn.com/141608511/files/doc_presentations/2024/August/Q2-NVDA-Company-Overview.pdf,2027 Q2-NVDA-Company-Overview,2024-08-29_NVDA_Company presentation_2027 Q2-NVDA-Company-Overview,,,,,,,,,,,,,,,,,,,
NVDA,yes,6/26/2024,Company presentation,Nvidia,https://s201.q4cdn.com/141608511/files/doc_financials/2024/ar/NVIDIA_Annual_Stockholder_Meeting_2024.pdf,NVDIA Annual stockholder meeting 2024,2024-06-26_NVDA_Company presentation_NVDIA Annual stockholder meeting 2024,,,,,,,,,,,,,,,,,,,
NVDA,yes,6/2/2024,Company presentation,Nvidia,https://s201.q4cdn.com/141608511/files/doc_presentations/2024/June/NVIDIA-Computex-2024-Keynote.pdf,NVIDIA-Computex-2024-Keynote,2024-06-02_NVDA_Company presentation_NVIDIA-Computex-2024-Keynote,,,,,,,,,,,,,,,,,,,
NVDA,yes,5/28/2024,Company presentation,Nvidia,https://s201.q4cdn.com/141608511/files/doc_financials/2025/q1/NVDA-F1Q25-Quarterly-Presentation-FINAL.pdf,Quarterly-Presentation-FINAL,2024-05-28_NVDA_Company presentation_Quarterly-Presentation-FINAL,,,,,,,,,,,,,,,,,,,
NVDA,yes,5/22/2024,Company presentation,Nvidia,https://s201.q4cdn.com/141608511/files/doc_financials/2025/q1/NVDA-F1Q25-Quarterly-Presentation-FINAL.pdf,NVDA-F1Q25-Quarterly-Presentation,2024-05-22_NVDA_Company presentation_NVDA-F1Q25-Quarterly-Presentation,,,,,,,,,,,,,,,,,,,
NVDA,yes,1/1/2024,News,Bloomberg,https://media.iprsoftware.com/219/files/20247/corporate-nvidia-in-brief-pdf-august-3374577-FINAL.pdf?Signature=FykXCRSWJgN1GX914V9SVdXFoWQ%3D&Expires=1731362144&AWSAccessKeyId=AKIAJX7XEOOELCYGIVDQ&versionId=yyHIUZlMUBF5AeLbQl28AtPf0iwyDcFf&response-content-disposition=attachment,Nvidia in Brief,2024-01-01_NVDA_News_Nvidia in Brief,,,,,,,,,,,,,,,,,,,
NVDA,yes,10/14/2024,News,Bloomberg,https://www.bloomberg.com/news/articles/2024-10-14/nvidia-rides-fierce-blackwell-demand-toward-stock-record-again,Nvidia (NVDA) Rides Fierce Blackwell Demand Toward Stock Record Again - Bloomberg,2024-10-14_NVDA_News_Nvidia (NVDA) Rides Fierce Blackwell Demand Toward Stock Record Again - Bloomberg,,,,,,,,,,,,,,,,,,,
NVDA,yes,11/7/2024,News,Bloomberg,https://www.bloomberg.com/news/articles/2024-11-07/nvidia-is-clear-winner-in-a-lackluster-big-tech-earnings-season,Nvidia (NVDA) Is Clear Winner In a Lackluster Big Tech Earnings Season - Bloomberg,2024-11-07_NVDA_News_Nvidia (NVDA) Is Clear Winner In a Lackluster Big Tech Earnings Season - Bloomberg,,,,,,,,,,,,,,,,,,,
NVDA,yes,10/24/2024,News,Bloomberg,https://www.bloomberg.com/news/articles/2024-10-24/nvidia-ceo-targets-more-india-growth-through-fresh-partnerships,Nvidia Strikes Partnerships to Build Out India's AI Infrastructure - Bloomberg,2024-10-24_NVDA_News_Nvidia Strikes Partnerships to Build Out India's AI Infrastructure - Bloomberg,,,,,,,,,,,,,,,,,,,
NVDA,yes,11/1/2024,News,Bloomberg,https://www.bloomberg.com/news/articles/2024-11-01/nvidia-set-to-replace-intel-in-the-dow-jones-industrial-average,Nvidia Set to Replace Intel in the Dow Jones Industrial Average - Bloomberg,2024-11-01_NVDA_News_Nvidia Set to Replace Intel in the Dow Jones Industrial Average - Bloomberg,,,,,,,,,,,,,,,,,,,
NVDA,yes,10/30/2024,News,Bloomberg,https://www.bloomberg.com/news/articles/2024-10-30/samsung-s-profit-rises-after-broader-business-offsets-ai-gloom,Samsung Signals Progress With Nvidia on AI Memory Chips - Bloomberg,2024-10-30_NVDA_News_Samsung Signals Progress With Nvidia on AI Memory Chips - Bloomberg,,,,,,,,,,,,,,,,,,,
NVDA,yes,10/29/2024,News,Bloomberg,https://www.bloomberg.com/news/articles/2024-10-29/softbank-s-son-says-nvidia-is-undervalued-as-super-ai-looms,Softbank’s Son Says Nvidia Is Undervalued as Super AI Looms - Bloomberg,2024-10-29_NVDA_News_Softbank’s Son Says Nvidia Is Undervalued as Super AI Looms - Bloomberg,,,,,,,,,,,,,,,,,,,
NVDA,yes,11/4/2024,News,Bloomberg,https://www.bloomberg.com/news/articles/2024-11-04/sk-hynix-speeds-up-release-of-new-ai-chips-at-nvidia-s-urging,SK Hynix Speeds Up Release of New AI Chips at Nvidia’s Urging - Bloomberg,2024-11-04_NVDA_News_SK Hynix Speeds Up Release of New AI Chips at Nvidia’s Urging - Bloomberg,,,,,,,,,,,,,,,,,,,
NVDA,yes,10/17/2024,News,Bloomberg,https://www.bloomberg.com/news/articles/2024-10-17/amazon-says-new-nvidia-based-systems-won-t-be-online-until-2025,"Amazon Says New Nvidia-Based Systems Won’t Be Online Until 2025 (AMZN, NVDA) - Bloomberg","2024-10-17_NVDA_News_Amazon Says New Nvidia-Based Systems Won’t Be Online Until 2025 (AMZN, NVDA) - Bloomberg",,,,,,,,,,,,,,,,,,,
NVDA,yes,10/23/2024,News,Bloomberg,https://www.bloomberg.com/news/articles/2024-10-23/novo-nordisk-to-use-new-nvidia-supercomputer-for-drug-discovery,Novo Nordisk to Use Denmark's New Nvidia AI Supercomputer for Drug Discovery - Bloomberg,2024-10-23_NVDA_News_Novo Nordisk to Use Denmark's New Nvidia AI Supercomputer for Drug Discovery - Bloomberg,,,,,,,,,,,,,,,,,,,
NVDA,yes,10/15/2024,News,Bloomberg,https://www.bloomberg.com/news/articles/2024-10-15/us-weighs-capping-exports-of-ai-chips-from-nvidia-and-amd-to-some-countries,US Weighs Capping Exports of AI Chips From Nvidia and AMD to Some Countries,2024-10-15_NVDA_News_US Weighs Capping Exports of AI Chips From Nvidia and AMD to Some Countries,,,,,,,,,,,,,,,,,,,
NVDA,yes,10/15/2024,News,Bloomberg,https://www.bloomberg.com/news/articles/2024-10-15/dell-will-ship-ai-servers-with-nvidia-blackwell-chips-to-clients-next-month,Dell Will Ship AI Servers With Nvidia Blackwell Chips to Clients Next Month - Bloomberg,2024-10-15_NVDA_News_Dell Will Ship AI Servers With Nvidia Blackwell Chips to Clients Next Month - Bloomberg,,,,,,,,,,,,,,,,,,,
NVDA,yes,10/30/2024,News,Bloomberg,https://www.bloomberg.com/news/articles/2024-10-30/japan-s-sakura-internet-loads-up-on-nvidia-gear-for-data-center-project,Japan’s Sakura Internet Loads Up on Nvidia (NVDA) Gear for Data Center Project - Bloomberg,2024-10-30_NVDA_News_Japan’s Sakura Internet Loads Up on Nvidia (NVDA) Gear for Data Center Project - Bloomberg,,,,,,,,,,,,,,,,,,,
NVDA,yes,10/22/2024,News,Bloomberg,https://www.bloomberg.com/news/articles/2024-10-22/nvidia-is-planning-to-invest-in-thailand-minister-pichai-says,"Nvidia Is Planning to Invest in Thailand, Commerce Minister Says - Bloomberg","2024-10-22_NVDA_News_Nvidia Is Planning to Invest in Thailand, Commerce Minister Says - Bloomberg",,,,,,,,,,,,,,,,,,,
NVDA,yes,2/21/2024,Company presentation,Nvidia,https://s201.q4cdn.com/141608511/files/doc_financials/2024/ar/NVIDIA-2024-Annual-Report.pdf,NVIDIA-2024-Annual-Report,2024-02-21_NVDA_Company presentation_NVIDIA-2024-Annual-Report,,,,,,,,,,,,,,,,,,,
TSLA,yes,10/17/2024,News,Bloomberg,https://www.bloomberg.com/news/articles/2024-10-17/musk-counters-tesla-bot-blowback-with-video-asserting-progress,Musk Counters Tesla Bot Blowback With Video Asserting Progress - Bloomberg,2024-10-17_TSLA_News_Musk Counters Tesla Bot Blowback With Video Asserting Progress - Bloomberg,,,,,,,,,,,,,,,,,,,
TSLA,yes,10/18/2024,News,Bloomberg,https://www.bloomberg.com/news/articles/2024-10-18/tesla-s-full-self-driving-faces-us-defect-probe-after-fatality,Tesla’s ‘Full Self-Driving’ Faces US Defect Probe After Fatality - Bloomberg,2024-10-18_TSLA_News_Tesla’s ‘Full Self-Driving’ Faces US Defect Probe After Fatality - Bloomberg,,,,,,,,,,,,,,,,,,,
TSLA,yes,10/14/2024,News,Bloomberg,https://www.bloomberg.com/news/articles/2024-10-14/tesla-s-optimus-robots-were-remotely-operated-at-cybercab-event,Tesla’s Optimus Robots Were Remotely Operated at Cybercab Event (TSLA) - Bloomberg,2024-10-14_TSLA_News_Tesla’s Optimus Robots Were Remotely Operated at Cybercab Event (TSLA) - Bloomberg,,,,,,,,,,,,,,,,,,,
TSLA,yes,10/11/2024,News,Bloomberg,https://www.bloomberg.com/news/articles/2024-10-11/musk-shows-tesla-cybercab-sees-sub-30-000-cost-and-2026-debut,"Musk Shows Tesla Cybercab Robotaxi, Sees Sub-$30,000 Cost, 2026 Production - Bloomberg","2024-10-11_TSLA_News_Musk Shows Tesla Cybercab Robotaxi, Sees Sub-$30,000 Cost, 2026 Production - Bloomberg",,,,,,,,,,,,,,,,,,,
TSLA,yes,10/11/2024,News,Bloomberg,https://www.bloomberg.com/news/articles/2024-10-11/tesla-loses-swedish-postal-blockade-lawsuit-in-latest-setback,Elon Musk_ Tesla Loses Swedish Postal Blockade Lawsuit in Latest Setback - Bloomberg,2024-10-11_TSLA_News_Elon Musk_ Tesla Loses Swedish Postal Blockade Lawsuit in Latest Setback - Bloomberg,,,,,,,,,,,,,,,,,,,
TSLA,yes,11/10/2024,News,Bloomberg,https://www.bloomberg.com/news/articles/2024-11-10/hedge-funds-shorting-tesla-just-lost-more-than-5-billion,Hedge Funds Shorting Tesla Just Lost More Than $5 Billion - Bloomberg,2024-11-10_TSLA_News_Hedge Funds Shorting Tesla Just Lost More Than $5 Billion - Bloomberg,,,,,,,,,,,,,,,,,,,
TSLA,yes,10/18/2024,News,Bloomberg,https://www.bloomberg.com/news/articles/2024-10-18/robotaxi-flop-leaves-tesla-s-lofty-stock-multiple-looking-shaky,Robotaxi Flop Leaves Tesla’s Lofty Stock Multiple Looking Shaky - Bloomberg,2024-10-18_TSLA_News_Robotaxi Flop Leaves Tesla’s Lofty Stock Multiple Looking Shaky - Bloomberg,,,,,,,,,,,,,,,,,,,
TSLA,yes,11/8/2024,News,Bloomberg,https://www.bloomberg.com/news/articles/2024-11-08/tesla-shares-roar-back-to-trillion-dollar-value-on-trump-s-win,Tesla (TSLA) Stock Roar Back to Trillion-Dollar Market Value on Trump’s Win - Bloomberg,2024-11-08_TSLA_News_Tesla (TSLA) Stock Roar Back to Trillion-Dollar Market Value on Trump’s Win - Bloomberg,,,,,,,,,,,,,,,,,,,
TSLA,yes,10/11/2024,News,Bloomberg,https://www.bloomberg.com/news/articles/2024-10-11/uber-lyft-shares-jump-after-tesla-s-toothless-robotaxi-reveal,"Uber, Lyft Shares Jump After Tesla’s ‘Toothless’ Tesla Robotaxi Reveal (TSLA) - Bloomberg","2024-10-11_TSLA_News_Uber, Lyft Shares Jump After Tesla’s ‘Toothless’ Tesla Robotaxi Reveal (TSLA) - Bloomberg",,,,,,,,,,,,,,,,,,,
TSLA,yes,10/25/2024,News,Bloomberg,https://www.bloomberg.com/news/articles/2024-10-25/elon-musk-tweet-about-a-tesla-union-wasn-t-a-threat-court-rules,"Elon Musk Tweet About a Tesla (TSLA) Union Wasn’t a Threat, Court Rules - Bloomberg","2024-10-25_TSLA_News_Elon Musk Tweet About a Tesla (TSLA) Union Wasn’t a Threat, Court Rules - Bloomberg",,,,,,,,,,,,,,,,,,,
TSLA,yes,11/6/2024,News,Bloomberg,https://www.bloomberg.com/news/articles/2024-11-06/tesla-soars-as-musk-s-all-in-bet-on-trump-seen-reaping-rewards,Tesla (TSLA) Shares Soar as Elon Musk’s All-In Bet on Trump Seen Reaping Rewards - Bloomberg,2024-11-06_TSLA_News_Tesla (TSLA) Shares Soar as Elon Musk’s All-In Bet on Trump Seen Reaping Rewards - Bloomberg,,,,,,,,,,,,,,,,,,,
TSLA,yes,10/25/2024,News,Bloomberg,https://www.bloomberg.com/news/articles/2024-10-25/tesla-tsla-stock-rally-steamrolls-shorts-erasing-year-s-gains-in-one-day,"Tesla (TSLA) Stock Rally Steamrolls Shorts, Erasing Year’s Gains in One Day - Bloomberg","2024-10-25_TSLA_News_Tesla (TSLA) Stock Rally Steamrolls Shorts, Erasing Year’s Gains in One Day - Bloomberg",,,,,,,,,,,,,,,,,,,
TSLA,yes,11/1/2024,News,Bloomberg,https://www.bloomberg.com/news/articles/2024-11-01/tesla-sells-499-million-of-debt-backed-by-solar-equipment-loans,Tesla (TSLA) Sells $499 Million of Debt Backed by Solar Equipment Loans - Bloomberg,2024-11-01_TSLA_News_Tesla (TSLA) Sells $499 Million of Debt Backed by Solar Equipment Loans - Bloomberg,,,,,,,,,,,,,,,,,,,
TSLA,yes,10/24/2024,News,Bloomberg,https://www.bloomberg.com/news/articles/2024-10-24/elon-musk-s-wealth-soars-34-billion-as-tesla-comes-roaring-back,Elon Musk’s Net Worth Soars as Tesla Stock Surges (TSLA) - Bloomberg,2024-10-24_TSLA_News_Elon Musk’s Net Worth Soars as Tesla Stock Surges (TSLA) - Bloomberg,,,,,,,,,,,,,,,,,,,
TSLA,yes,10/15/2024,News,Bloomberg,https://www.bloomberg.com/news/articles/2024-10-16/musk-taps-confidante-afshar-to-oversee-tesla-sales-in-us-europe,"Musk Taps Omead Afshar to Oversee Tesla (TSLA) Sales in US, Europe - Bloomberg","2024-10-15_TSLA_News_Musk Taps Omead Afshar to Oversee Tesla (TSLA) Sales in US, Europe - Bloomberg",,,,,,,,,,,,,,,,,,,
TSLA,yes,10/23/2024,News,Bloomberg,https://www.bloomberg.com/news/articles/2024-10-23/tesla-earnings-to-show-ev-maker-falling-further-behind-big-tech,Tesla (TSLA) Earnings to Show EV Maker Falling Further Behind Big Tech - Bloomberg,2024-10-23_TSLA_News_Tesla (TSLA) Earnings to Show EV Maker Falling Further Behind Big Tech - Bloomberg,,,,,,,,,,,,,,,,,,,
TSLA,yes,10/23/2024,News,Bloomberg,https://www.bloomberg.com/news/articles/2024-10-23/five-takeaways-from-tesla-s-third-quarter-earnings-report,Five Takeaways From Tesla’s Third-Quarter Earnings Report - Bloomberg,2024-10-23_TSLA_News_Five Takeaways From Tesla’s Third-Quarter Earnings Report - Bloomberg,,,,,,,,,,,,,,,,,,,
TSLA,yes,11/8/2024,News,Bloomberg,https://www.bloomberg.com/news/articles/2024-11-08/tesla-starts-offering-cybertruck-leases-starting-at-999-a-month,Tesla (TSLA) Starts Offering Cybertruck Leases Starting at $999 a Month - Bloomberg,2024-11-08_TSLA_News_Tesla (TSLA) Starts Offering Cybertruck Leases Starting at $999 a Month - Bloomberg,,,,,,,,,,,,,,,,,,,
TSLA,,10/2/2024,Company presentation,Tesla,https://digitalassets.tesla.com/tesla-contents/image/upload/IR/TSLA-Q3-2024-Update.pdf,TSLA 2024 Q3 Quarterly Update Deck,2024-10-02_TSLA_Company presentation_TSLA 2024 Q3 Quarterly Update Deck,,,,,,,,,,,,,,,,,,,
TSLA,,10/2/2024,Press release,Tesla,https://ir.tesla.com/press-release/tesla-third-quarter-2024-production-deliveries-and-deployments,"Tesla Third Quarter 2024 Production, Deliveries & Deployments","2024-10-02_TSLA_Press release_Tesla Third Quarter 2024 Production, Deliveries & Deployments",,,,,,,,,,,,,,,,,,,
TSLA,yes,6/3/2024,Company presentation,Tesla,https://digitalassets.tesla.com/tesla-contents/image/upload/2024-annual-shareholder-meeting-keynote.pdf,2024-annual-shareholder-meeting-keynote,2024-06-03_TSLA_Company presentation_2024-annual-shareholder-meeting-keynote,,,,,,,,,,,,,,,,,,,
TSLA,yes,5/23/2024,Company presentation,Tesla,https://www.tesla.com/ns_videos/2023-tesla-impact-report.pdf,2023-tesla-impact-report,2024-05-23_TSLA_Company presentation_2023-tesla-impact-report,,,,,,,,,,,,,,,,,,,
TSLA,yes,3/1/2023,Company presentation,Tesla,https://digitalassets.tesla.com/tesla-contents/image/upload/IR/Investor-Day-2023-Keynote,Investor-Day-2023-Keynote,2023-03-01_TSLA_Company presentation_Investor-Day-2023-Keynote,,,,,,,,,,,,,,,,,,,
META,yes,10/30/2024,Press release,Meta,https://s21.q4cdn.com/399680738/files/doc_news/Meta-Reports-Third-Quarter-2024-Results-2024.pdf,Meta Reports Third Quarter 2024 Results,2024-10-30_META_Press release_Meta Reports Third Quarter 2024 Results,,,,,,,,,,,,,,,,,,,
META,yes,9/25/2024,Press release,Meta,https://s21.q4cdn.com/399680738/files/doc_news/Meta-Announces-Quarterly-Cash-Dividend-e445895c4-2024.pdf,Meta Announces Quarterly Cash Dividend,2024-09-25_META_Press release_Meta Announces Quarterly Cash Dividend,,,,,,,,,,,,,,,,,,,
META,yes,10/30/2024,Press release,Meta,https://s21.q4cdn.com/399680738/files/doc_financials/2024/q3/Meta-09-30-2024-Exhibit-99-1_FINAL.pdf,Meta Reports Third Quarter 2024 Results 10-30-24,2024-10-30_META_Press release_Meta Reports Third Quarter 2024 Results 10-30-24,,,,,,,,,,,,,,,,,,,
META,yes,10/30/2024,Press release,Meta,https://s21.q4cdn.com/399680738/files/doc_financials/2024/q3/Earnings-Presentation-Q3-2024.pdf,Meta Earnings-Presentation-Q3-2024.pdf,2024-10-30_META_Press release_Meta Earnings-Presentation-Q3-2024.pdf,,,,,,,,,,,,,,,,,,,
META,yes,10/30/2024,Press release,Meta,https://s21.q4cdn.com/399680738/files/doc_financials/2024/q3/META-Q3-2024-Earnings-Call-Transcript.pdf,"Meta Third Quarter 2024 Results Conference Call October 30th, 2024","2024-10-30_META_Press release_Meta Third Quarter 2024 Results Conference Call October 30th, 2024",,,,,,,,,,,,,,,,,,,
META,yes,10/30/2024,Press release,Meta,https://s21.q4cdn.com/399680738/files/doc_financials/2024/q3/META-Q3-2024-Follow-Up-Call-Transcript.pdf,"Meta Third Quarter 2024 Results Conference follow up Call October 30th, 2024","2024-10-30_META_Press release_Meta Third Quarter 2024 Results Conference follow up Call October 30th, 2024",,,,,,,,,,,,,,,,,,,
META,yes,2/1/2024,Press release,Meta,https://s21.q4cdn.com/399680738/files/doc_news/Meta-Reports-Fourth-Quarter-and-Full-Year-2023-Results-Initiates-Quarterly-Dividend-2024.pdf,Meta Reports Fourth Quarter and Full Year 2023 Results; Initiates Quarterly Dividend,2024-02-01_META_Press release_Meta Reports Fourth Quarter and Full Year 2023 Results; Initiates Quarterly Dividend,,,,,,,,,,,,,,,,,,,
META,yes,11/7/2024,News,Meta,https://www.bloomberg.com/news/articles/2024-11-08/zuckerberg-avoids-personal-liability-in-meta-addiction-suits,Zuckerberg Avoids Personal Liability in Meta Addiction Suits,2024-11-07_META_News_Zuckerberg Avoids Personal Liability in Meta Addiction Suits,,,,,,,,,,,,,,,,,,,
META,yes,10/30/2024,News,Meta,https://www.bloomberg.com/news/articles/2024-10-30/meta-sales-narrowly-beat-on-ai-boosting-advertising-revenue,Meta Sales Narrowly Beat on AI Boosting Advertising Revenue - Bloomberg,2024-10-30_META_News_Meta Sales Narrowly Beat on AI Boosting Advertising Revenue - Bloomberg,,,,,,,,,,,,,,,,,,,
META,yes,11/12/2024,News,Meta,https://www.bloomberg.com/news/articles/2024-11-12/meta-pushes-back-against-ftc-effort-to-toughen-privacy-order,Meta Pushes Back Against FTC Effort to Toughen Privacy Order - Bloomberg,2024-11-12_META_News_Meta Pushes Back Against FTC Effort to Toughen Privacy Order - Bloomberg,,,,,,,,,,,,,,,,,,,
META,yes,11/12/2024,News,Meta,https://www.bloomberg.com/news/articles/2024-11-12/meta-unveils-less-targeted-ads-to-allay-eu-regulators-concerns,Meta Unveils Less-Tailored Ads to Allay EU’s Worries - Bloomberg,2024-11-12_META_News_Meta Unveils Less-Tailored Ads to Allay EU’s Worries - Bloomberg,,,,,,,,,,,,,,,,,,,
META,yes,11/13/2024,News,Meta,https://www.bloomberg.com/news/articles/2024-11-13/meta-wins-limits-to-ftc-antitrust-suit-over-instagram-whatsapp,Meta Must Face Trial After Judge Pares Some FTC Claims,2024-11-13_META_News_Meta Must Face Trial After Judge Pares Some FTC Claims,,,,,,,,,,,,,,,,,,,
META,yes,10/29/2024,News,Meta,https://www.bloomberg.com/news/articles/2024-10-29/stock-market-today-dow-s-p-live-updates,"Stock Market Today_ Dow, S&P Live Updates for October 30 - Bloomberg","2024-10-29_META_News_Stock Market Today_ Dow, S&P Live Updates for October 30 - Bloomberg",,,,,,,,,,,,,,,,,,,
META,yes,10/30/2024,News,Meta,https://www.bloomberg.com/news/articles/2024-10-30/microsoft-meta-to-feel-ai-scrutiny-as-investors-wait-for-payoff,"Microsoft (MSFT), Meta Results to Feel AI Scrutiny as Investors Wait for Payoff - Bloomberg","2024-10-30_META_News_Microsoft (MSFT), Meta Results to Feel AI Scrutiny as Investors Wait for Payoff - Bloomberg",,,,,,,,,,,,,,,,,,,
META,yes,11/15/2024,News,Meta,https://www.bloomberg.com/news/articles/2024-11-15/meta-to-appeal-orders-letting-schools-states-sue-over-addiction,"Meta to Appeal Orders Letting Schools, States Sue Over Addiction - Bloomberg","2024-11-15_META_News_Meta to Appeal Orders Letting Schools, States Sue Over Addiction - Bloomberg",,,,,,,,,,,,,,,,,,,
META,yes,10/28/2024,News,Meta,https://www.bloomberg.com/news/articles/2024-10-28/meta-developing-its-own-ai-search-engine-the-information-says,"Meta Developing Its Own AI Search Engine, The Information Says - Bloomberg","2024-10-28_META_News_Meta Developing Its Own AI Search Engine, The Information Says - Bloomberg",,,,,,,,,,,,,,,,,,,
META,yes,11/14/2024,News,Meta,https://www.bloomberg.com/news/articles/2024-11-14/meta-fined-798-million-by-eu-over-abusing-classified-ads-dominance,Meta Fined €798 Million by EU Over Classified Ads Dominance - Bloomberg,2024-11-14_META_News_Meta Fined €798 Million by EU Over Classified Ads Dominance - Bloomberg,,,,,,,,,,,,,,,,,,,
META,yes,11/25/2024,News,Meta,https://www.bloomberg.com/news/articles/2024-11-25/ftc-meta-face-april-14-trial-over-suit-to-break-up-company,"FTC, Meta Face April 14 Trial Over Suit to Break Up Company - Bloomberg","2024-11-25_META_News_FTC, Meta Face April 14 Trial Over Suit to Break Up Company - Bloomberg",,,,,,,,,,,,,,,,,,,
META,yes,11/22/2024,News,Meta,https://www.bloomberg.com/news/articles/2024-11-22/facebook-appeal-over-shareholder-suit-dropped-by-supreme-court,Supreme Court Drops Facebook Appeal on Suit Over Cambridge Analytica - Bloomberg,2024-11-22_META_News_Supreme Court Drops Facebook Appeal on Suit Over Cambridge Analytica - Bloomberg,,,,,,,,,,,,,,,,,,,
META,yes,11/1/2024,News,Meta,https://www.bloomberg.com/news/articles/2024-11-01/meta-loses-bid-to-appeal-uk-class-action-over-user-data,Meta Loses Bid to Appeal UK Class Action Over User Data - Bloomberg,2024-11-01_META_News_Meta Loses Bid to Appeal UK Class Action Over User Data - Bloomberg,,,,,,,,,,,,,,,,,,,
AMZN,yes,10/31/2024,Press release,Amazon,https://s2.q4cdn.com/299287126/files/doc_financials/2024/q3/AMZN-Q3-2024-Earnings-Release.pdf,AMZN-Q3-2024-Earnings-Release.pdf,2024-10-31_AMZN_Press release_AMZN-Q3-2024-Earnings-Release.pdf,,,,,,,,,,,,,,,,,,,
AMZN,yes,10/31/2024,Press release,Amazon,https://s2.q4cdn.com/299287126/files/doc_financials/2024/q3/Webslides_Q324_Final.pdf,AMZN Webslides_Q324_Final.pdf,2024-10-31_AMZN_Press release_AMZN Webslides_Q324_Final.pdf,,,,,,,,,,,,,,,,,,,
AMZN,yes,2/1/2024,annual report,Amazon,https://s2.q4cdn.com/299287126/files/doc_financials/2024/ar/Amazon-com-Inc-2023-Annual-Report.pdf,Amazon-com-Inc-2023-Annual-Report.pdf,2024-02-01_AMZN_annual report_Amazon-com-Inc-2023-Annual-Report.pdf,,,,,,,,,,,,,,,,,,,
AMZN,yes,5/22/2024,Press release,Amazon,https://s2.q4cdn.com/299287126/files/doc_financials/2024/ar/Amazon-com-Inc-2024-Proxy-Statement.pdf,Amazon-com-Inc-2024-Proxy-Statement,2024-05-22_AMZN_Press release_Amazon-com-Inc-2024-Proxy-Statement,,,,,,,,,,,,,,,,,,,
AMZN,yes,2/1/2024,Press release,Amazon,https://s2.q4cdn.com/299287126/files/doc_financials/2024/ar/Amazon-com-Inc-2023-Shareholder-Letter.pdf,Amazon-com-Inc-2023-Shareholder-Letter.pdf,2024-02-01_AMZN_Press release_Amazon-com-Inc-2023-Shareholder-Letter.pdf,,,,,,,,,,,,,,,,,,,
AMZN,yes,11/1/2024,Press release,Amazon,https://ir.aboutamazon.com/news-release/news-release-details/2024/Amazon.com-Announces-Third-Quarter-Results/,Amazon.com Announces Third Quarter Results,2024-11-01_AMZN_Press release_Amazon.com Announces Third Quarter Results,,,,,,,,,,,,,,,,,,,
AMZN,yes,10/26/2024,News,Amazon,https://www.bloomberg.com/opinion/articles/2024-11-26/the-magnificent-7-don-t-have-magnificent-growth-prospects,the-magnificent-7-don-t-have-magnificent-growth-prospects,2024-10-26_AMZN_News_the-magnificent-7-don-t-have-magnificent-growth-prospects,,,,,,,,,,,,,,,,,,,
AMZN,yes,11/22/2024,News,Amazon,https://www.bloomberg.com/news/articles/2024-11-22/amazon-investing-an-additional-4-billion-in-ai-firm-anthropic,Amazon (AMZN) Boosts Stake in OpenAI Rival Anthropic - Bloomberg,2024-11-22_AMZN_News_Amazon (AMZN) Boosts Stake in OpenAI Rival Anthropic - Bloomberg,,,,,,,,,,,,,,,,,,,
AMZN,yes,11/4/2024,News,Amazon,https://www.bloomberg.com/news/articles/2024-11-05/amazon-still-backs-talen-nuclear-deal-after-regulator-rejection,Amazon (AMZN) Still Backs Talen Nuclear Deal After Regulator Rejection - Bloomberg,2024-11-04_AMZN_News_Amazon (AMZN) Still Backs Talen Nuclear Deal After Regulator Rejection - Bloomberg,,,,,,,,,,,,,,,,,,,
AMZN,yes,11/13/2024,News,Amazon,https://www.bloomberg.com/news/articles/2024-11-13/amazon-labor-ruling-outlaws-mandatory-anti-union-meetings,Amazon Labor Ruling Outlaws Mandatory Anti-Union Meetings - Bloomberg,2024-11-13_AMZN_News_Amazon Labor Ruling Outlaws Mandatory Anti-Union Meetings - Bloomberg,,,,,,,,,,,,,,,,,,,
AMZN,yes,11/13/2024,News,Amazon,https://www.bloomberg.com/news/articles/2024-11-13/amazon-aims-at-temu-with-low-priced-storefront-called-haul,Amazon Launches Haul to Compete With Temu Low Prices - Bloomberg,2024-11-13_AMZN_News_Amazon Launches Haul to Compete With Temu Low Prices - Bloomberg,,,,,,,,,,,,,,,,,,,
AMZN,yes,10/31/2024,News,Amazon,https://www.bloomberg.com/news/articles/2024-10-31/apple-amazon-take-spotlight-in-mixed-week-for-big-tech-earnings,"Apple (AAPL), Amazon (AMZN) Take Spotlight in Mixed Week for Big Tech Earnings - Bloomberg","2024-10-31_AMZN_News_Apple (AAPL), Amazon (AMZN) Take Spotlight in Mixed Week for Big Tech Earnings - Bloomberg",,,,,,,,,,,,,,,,,,,
AMZN,yes,11/6/2024,News,Amazon,https://www.bloomberg.com/news/articles/2024-11-06/amazon-hits-record-after-strong-results-accelerate-year-s-rally,Amazon Shares (AMZN) Hit Record After Strong Results Accelerate Rally - Bloomberg,2024-11-06_AMZN_News_Amazon Shares (AMZN) Hit Record After Strong Results Accelerate Rally - Bloomberg,,,,,,,,,,,,,,,,,,,
AMZN,yes,10/31/2024,News,Amazon,https://www.bloomberg.com/news/articles/2024-10-31/amazon-projects-strong-sales-profit-for-holiday-shopping-season,"Amazon (AMZN) Shares Rise on Strong Sales, Profit for Holiday Shopping Season - Bloomberg","2024-10-31_AMZN_News_Amazon (AMZN) Shares Rise on Strong Sales, Profit for Holiday Shopping Season - Bloomberg",,,,,,,,,,,,,,,,,,,
AMZN,yes,11/4/2024,News,Amazon,https://www.bloomberg.com/opinion/articles/2024-11-04/amazon-s-nuclear-deal-stalled-but-its-ai-power-demand-won-t,Amazon’s Nuclear Deal Stalled — But Its AI Power Demand Won’t - Bloomberg,2024-11-04_AMZN_News_Amazon’s Nuclear Deal Stalled — But Its AI Power Demand Won’t - Bloomberg,,,,,,,,,,,,,,,,,,,
AMZN,yes,11/14/2024,News,Amazon,https://www.bloomberg.com/news/articles/2024-11-14/amazon-questioned-by-congress-over-growing-tiktok-relationship,Amazon Questioned by Congress Over Growing TikTok Relationship - Bloomberg,2024-11-14_AMZN_News_Amazon Questioned by Congress Over Growing TikTok Relationship - Bloomberg,,,,,,,,,,,,,,,,,,,
AMZN,yes,11/1/2024,News,Amazon,https://www.bloomberg.com/news/articles/2024-11-01/uk-to-hike-taxes-on-amazon-online-giants-to-help-high-street,"UK to Hike Taxes on Amazon, Online Giants to Help High Street - Bloomberg","2024-11-01_AMZN_News_UK to Hike Taxes on Amazon, Online Giants to Help High Street - Bloomberg",,,,,,,,,,,,,,,,,,,
AMZN,yes,11/13/2024,News,Amazon,https://www.bloomberg.com/news/articles/2024-11-13/amazon-makes-it-harder-for-disabled-employees-to-work-from-home,Amazon Makes It Harder for Disabled Employees to Work From Home - Bloomberg,2024-11-13_AMZN_News_Amazon Makes It Harder for Disabled Employees to Work From Home - Bloomberg,,,,,,,,,,,,,,,,,,,
AMZN,yes,11/22/2024,News,Amazon,https://www.bloomberg.com/news/articles/2024-11-22/chiefs-raiders-game-is-amazon-s-play-to-keep-you-on-prime,Chiefs-Raiders Game Is Amazon’s Play to Keep You on Prime - Bloomberg,2024-11-22_AMZN_News_Chiefs-Raiders Game Is Amazon’s Play to Keep You on Prime - Bloomberg,,,,,,,,,,,,,,,,,,,
AMZN,yes,11/26/2024,News,Amazon,https://www.investors.com/news/technology/amazon-stock-amazon-black-friday-sales-ecommerce/,Amazon Stock Rises. Why The Tech Giant Could Have A Black Friday Advantage. _ Investor's Business Daily,2024-11-26_AMZN_News_Amazon Stock Rises. Why The Tech Giant Could Have A Black Friday Advantage. _ Investor's Business Daily,,,,,,,,,,,,,,,,,,,
,,,,,,,,,,,,,,,,,,,,,,,,,,
,,,,,,,,,,,,,,,,,,,,,,,,,,
,,,,,,,,,,,,,,,,,,,,,,,,,,
,,,,,,,,,,,,,,,,,,,,,,,,,,
,,,,,,,,,,,,,,,,,,,,,,,,,,
,,,,,,,,,,,,,,,,,,,,,,,,,,
,,,,,,,,,,,,,,,,,,,,,,,,,,
,,,,,,,,,,,,,,,,,,,,,,,,,,
,,,,,,,,,,,,,,,,,,,,,,,,,,
,,,,,,,,,,,,,,,,,,,,,,,,,,
,,,,,,,,,,,,,,,,,,,,,,,,,,
,,,,,,,,,,,,,,,,,,,,,,,,,,
,,,,,,,,,,,,,,,,,,,,,,,,,,
,,,,,,,,,,,,,,,,,,,,,,,,,,
,,,,,,,,,,,,,,,,,,,,,,,,,,
,,,,,,,,,,,,,,,,,,,,,,,,,,
,,,,,,,,,,,,,,,,,,,,,,,,,,
,,,,,,,,,,,,,,,,,,,,,,,,,,
,,,,,,,,,,,,,,,,,,,,,,,,,,
,,,,,,,,,,,,,,,,,,,,,,,,,,
,,,,,,,,,,,,,,,,,,,,,,,,,,
,,,,,,,,,,,,,,,,,,,,,,,,,,
,,,,,,,,,,,,,,,,,,,,,,,,,,
,,,,,,,,,,,,,,,,,,,,,,,,,,
,,,,,,,,,,,,,,,,,,,,,,,,,,
,,,,,,,,,,,,,,,,,,,,,,,,,,
,,,,,,,,,,,,,,,,,,,,,,,,,,
,,,,,,,,,,,,,,,,,,,,,,,,,,
,,,,,,,,,,,,,,,,,,,,,,,,,,
,,,,,,,,,,,,,,,,,,,,,,,,,,
,,,,,,,,,,,,,,,,,,,,,,,,,,
,,,,,,,,,,,,,,,,,,,,,,,,,,
,,,,,,,,,,,,,,,,,,,,,,,,,,
,,,,,,,,,,,,,,,,,,,,,,,,,,
,,,,,,,,,,,,,,,,,,,,,,,,,,
,,,,,,,,,,,,,,,,,,,,,,,,,,
,,,,,,,,,,,,,,,,,,,,,,,,,,
,,,,,,,,,,,,,,,,,,,,,,,,,,
,,,,,,,,,,,,,,,,,,,,,,,,,,
,,,,,,,,,,,,,,,,,,,,,,,,,,
,,,,,,,,,,,,,,,,,,,,,,,,,,
,,,,,,,,,,,,,,,,,,,,,,,,,,
,,,,,,,,,,,,,,,,,,,,,,,,,,
,,,,,,,,,,,,,,,,,,,,,,,,,,
,,,,,,,,,,,,,,,,,,,,,,,,,,
,,,,,,,,,,,,,,,,,,,,,,,,,,
,,,,,,,,,,,,,,,,,,,,,,,,,,
,,,,,,,,,,,,,,,,,,,,,,,,,,
,,,,,,,,,,,,,,,,,,,,,,,,,,
,,,,,,,,,,,,,,,,,,,,,,,,,,
,,,,,,,,,,,,,,,,,,,,,,,,,,
,,,,,,,,,,,,,,,,,,,,,,,,,,
,,,,,,,,,,,,,,,,,,,,,,,,,,
,,,,,,,,,,,,,,,,,,,,,,,,,,
,,,,,,,,,,,,,,,,,,,,,,,,,,
,,,,,,,,,,,,,,,,,,,,,,,,,,
,,,,,,,,,,,,,,,,,,,,,,,,,,
,,,,,,,,,,,,,,,,,,,,,,,,,,
,,,,,,,,,,,,,,,,,,,,,,,,,,
,,,,,,,,,,,,,,,,,,,,,,,,,,
,,,,,,,,,,,,,,,,,,,,,,,,,,
,,,,,,,,,,,,,,,,,,,,,,,,,,
,,,,,,,,,,,,,,,,,,,,,,,,,,
,,,,,,,,,,,,,,,,,,,,,,,,,,
,,,,,,,,,,,,,,,,,,,,,,,,,,
,,,,,,,,,,,,,,,,,,,,,,,,,,
,,,,,,,,,,,,,,,,,,,,,,,,,,
,,,,,,,,,,,,,,,,,,,,,,,,,,
,,,,,,,,,,,,,,,,,,,,,,,,,,
,,,,,,,,,,,,,,,,,,,,,,,,,,
,,,,,,,,,,,,,,,,,,,,,,,,,,
,,,,,,,,,,,,,,,,,,,,,,,,,,
,,,,,,,,,,,,,,,,,,,,,,,,,,
,,,,,,,,,,,,,,,,,,,,,,,,,,
,,,,,,,,,,,,,,,,,,,,,,,,,,
,,,,,,,,,,,,,,,,,,,,,,,,,,
,,,,,,,,,,,,,,,,,,,,,,,,,,
,,,,,,,,,,,,,,,,,,,,,,,,,,
,,,,,,,,,,,,,,,,,,,,,,,,,,
,,,,,,,,,,,,,,,,,,,,,,,,,,
,,,,,,,,,,,,,,,,,,,,,,,,,,
,,,,,,,,,,,,,,,,,,,,,,,,,,
,,,,,,,,,,,,,,,,,,,,,,,,,,
,,,,,,,,,,,,,,,,,,,,,,,,,,
,,,,,,,,,,,,,,,,,,,,,,,,,,
,,,,,,,,,,,,,,,,,,,,,,,,,,
,,,,,,,,,,,,,,,,,,,,,,,,,,
,,,,,,,,,,,,,,,,,,,,,,,,,,
,,,,,,,,,,,,,,,,,,,,,,,,,,
,,,,,,,,,,,,,,,,,,,,,,,,,,
,,,,,,,,,,,,,,,,,,,,,,,,,,
,,,,,,,,,,,,,,,,,,,,,,,,,,
,,,,,,,,,,,,,,,,,,,,,,,,,,
,,,,,,,,,,,,,,,,,,,,,,,,,,
,,,,,,,,,,,,,,,,,,,,,,,,,,
,,,,,,,,,,,,,,,,,,,,,,,,,,
,,,,,,,,,,,,,,,,,,,,,,,,,,
,,,,,,,,,,,,,,,,,,,,,,,,,,
,,,,,,,,,,,,,,,,,,,,,,,,,,
,,,,,,,,,,,,,,,,,,,,,,,,,,
,,,,,,,,,,,,,,,,,,,,,,,,,,
,,,,,,,,,,,,,,,,,,,,,,,,,,
,,,,,,,,,,,,,,,,,,,,,,,,,,
,,,,,,,,,,,,,,,,,,,,,,,,,,
,,,,,,,,,,,,,,,,,,,,,,,,,,
,,,,,,,,,,,,,,,,,,,,,,,,,,
,,,,,,,,,,,,,,,,,,,,,,,,,,
,,,,,,,,,,,,,,,,,,,,,,,,,,
,,,,,,,,,,,,,,,,,,,,,,,,,,
,,,,,,,,,,,,,,,,,,,,,,,,,,
,,,,,,,,,,,,,,,,,,,,,,,,,,
,,,,,,,,,,,,,,,,,,,,,,,,,,
,,,,,,,,,,,,,,,,,,,,,,,,,,
,,,,,,,,,,,,,,,,,,,,,,,,,,
,,,,,,,,,,,,,,,,,,,,,,,,,,
,,,,,,,,,,,,,,,,,,,,,,,,,,
,,,,,,,,,,,,,,,,,,,,,,,,,,
,,,,,,,,,,,,,,,,,,,,,,,,,,
,,,,,,,,,,,,,,,,,,,,,,,,,,
,,,,,,,,,,,,,,,,,,,,,,,,,,
,,,,,,,,,,,,,,,,,,,,,,,,,,
,,,,,,,,,,,,,,,,,,,,,,,,,,
,,,,,,,,,,,,,,,,,,,,,,,,,,
,,,,,,,,,,,,,,,,,,,,,,,,,,
,,,,,,,,,,,,,,,,,,,,,,,,,,
,,,,,,,,,,,,,,,,,,,,,,,,,,
,,,,,,,,,,,,,,,,,,,,,,,,,,
,,,,,,,,,,,,,,,,,,,,,,,,,,
,,,,,,,,,,,,,,,,,,,,,,,,,,
,,,,,,,,,,,,,,,,,,,,,,,,,,
,,,,,,,,,,,,,,,,,,,,,,,,,,
,,,,,,,,,,,,,,,,,,,,,,,,,,
,,,,,,,,,,,,,,,,,,,,,,,,,,
,,,,,,,,,,,,,,,,,,,,,,,,,,
,,,,,,,,,,,,,,,,,,,,,,,,,,
,,,,,,,,,,,,,,,,,,,,,,,,,,
,,,,,,,,,,,,,,,,,,,,,,,,,,
,,,,,,,,,,,,,,,,,,,,,,,,,,
,,,,,,,,,,,,,,,,,,,,,,,,,,
,,,,,,,,,,,,,,,,,,,,,,,,,,
,,,,,,,,,,,,,,,,,,,,,,,,,,
,,,,,,,,,,,,,,,,,,,,,,,,,,
,,,,,,,,,,,,,,,,,,,,,,,,,,
,,,,,,,,,,,,,,,,,,,,,,,,,,
,,,,,,,,,,,,,,,,,,,,,,,,,,
,,,,,,,,,,,,,,,,,,,,,,,,,,
,,,,,,,,,,,,,,,,,,,,,,,,,,
,,,,,,,,,,,,,,,,,,,,,,,,,,
,,,,,,,,,,,,,,,,,,,,,,,,,,
,,,,,,,,,,,,,,,,,,,,,,,,,,
,,,,,,,,,,,,,,,,,,,,,,,,,,
,,,,,,,,,,,,,,,,,,,,,,,,,,
,,,,,,,,,,,,,,,,,,,,,,,,,,
,,,,,,,,,,,,,,,,,,,,,,,,,,
,,,,,,,,,,,,,,,,,,,,,,,,,,
,,,,,,,,,,,,,,,,,,,,,,,,,,
,,,,,,,,,,,,,,,,,,,,,,,,,,
,,,,,,,,,,,,,,,,,,,,,,,,,,
,,,,,,,,,,,,,,,,,,,,,,,,,,
,,,,,,,,,,,,,,,,,,,,,,,,,,
,,,,,,,,,,,,,,,,,,,,,,,,,,
,,,,,,,,,,,,,,,,,,,,,,,,,,
,,,,,,,,,,,,,,,,,,,,,,,,,,
,,,,,,,,,,,,,,,,,,,,,,,,,,
,,,,,,,,,,,,,,,,,,,,,,,,,,
,,,,,,,,,,,,,,,,,,,,,,,,,,
,,,,,,,,,,,,,,,,,,,,,,,,,,
,,,,,,,,,,,,,,,,,,,,,,,,,,
,,,,,,,,,,,,,,,,,,,,,,,,,,
,,,,,,,,,,,,,,,,,,,,,,,,,,
,,,,,,,,,,,,,,,,,,,,,,,,,,
,,,,,,,,,,,,,,,,,,,,,,,,,,
,,,,,,,,,,,,,,,,,,,,,,,,,,
,,,,,,,,,,,,,,,,,,,,,,,,,,
,,,,,,,,,,,,,,,,,,,,,,,,,,
,,,,,,,,,,,,,,,,,,,,,,,,,,
,,,,,,,,,,,,,,,,,,,,,,,,,,
,,,,,,,,,,,,,,,,,,,,,,,,,,
,,,,,,,,,,,,,,,,,,,,,,,,,,
,,,,,,,,,,,,,,,,,,,,,,,,,,
,,,,,,,,,,,,,,,,,,,,,,,,,,
,,,,,,,,,,,,,,,,,,,,,,,,,,
,,,,,,,,,,,,,,,,,,,,,,,,,,
,,,,,,,,,,,,,,,,,,,,,,,,,,
,,,,,,,,,,,,,,,,,,,,,,,,,,
,,,,,,,,,,,,,,,,,,,,,,,,,,
,,,,,,,,,,,,,,,,,,,,,,,,,,
,,,,,,,,,,,,,,,,,,,,,,,,,,
,,,,,,,,,,,,,,,,,,,,,,,,,,
,,,,,,,,,,,,,,,,,,,,,,,,,,
,,,,,,,,,,,,,,,,,,,,,,,,,,
,,,,,,,,,,,,,,,,,,,,,,,,,,
,,,,,,,,,,,,,,,,,,,,,,,,,,
,,,,,,,,,,,,,,,,,,,,,,,,,,
,,,,,,,,,,,,,,,,,,,,,,,,,,
,,,,,,,,,,,,,,,,,,,,,,,,,,
,,,,,,,,,,,,,,,,,,,,,,,,,,
,,,,,,,,,,,,,,,,,,,,,,,,,,
,,,,,,,,,,,,,,,,,,,,,,,,,,
,,,,,,,,,,,,,,,,,,,,,,,,,,
,,,,,,,,,,,,,,,,,,,,,,,,,,
,,,,,,,,,,,,,,,,,,,,,,,,,,
,,,,,,,,,,,,,,,,,,,,,,,,,,
,,,,,,,,,,,,,,,,,,,,,,,,,,
,,,,,,,,,,,,,,,,,,,,,,,,,,
,,,,,,,,,,,,,,,,,,,,,,,,,,
,,,,,,,,,,,,,,,,,,,,,,,,,,
,,,,,,,,,,,,,,,,,,,,,,,,,,
,,,,,,,,,,,,,,,,,,,,,,,,,,
,,,,,,,,,,,,,,,,,,,,,,,,,,
,,,,,,,,,,,,,,,,,,,,,,,,,,
,,,,,,,,,,,,,,,,,,,,,,,,,,
,,,,,,,,,,,,,,,,,,,,,,,,,,
,,,,,,,,,,,,,,,,,,,,,,,,,,
,,,,,,,,,,,,,,,,,,,,,,,,,,
,,,,,,,,,,,,,,,,,,,,,,,,,,
,,,,,,,,,,,,,,,,,,,,,,,,,,
,,,,,,,,,,,,,,,,,,,,,,,,,,
,,,,,,,,,,,,,,,,,,,,,,,,,,
,,,,,,,,,,,,,,,,,,,,,,,,,,
,,,,,,,,,,,,,,,,,,,,,,,,,,
,,,,,,,,,,,,,,,,,,,,,,,,,,
,,,,,,,,,,,,,,,,,,,,,,,,,,
,,,,,,,,,,,,,,,,,,,,,,,,,,
,,,,,,,,,,,,,,,,,,,,,,,,,,
,,,,,,,,,,,,,,,,,,,,,,,,,,
,,,,,,,,,,,,,,,,,,,,,,,,,,
,,,,,,,,,,,,,,,,,,,,,,,,,,
,,,,,,,,,,,,,,,,,,,,,,,,,,
,,,,,,,,,,,,,,,,,,,,,,,,,,
,,,,,,,,,,,,,,,,,,,,,,,,,,
,,,,,,,,,,,,,,,,,,,,,,,,,,
,,,,,,,,,,,,,,,,,,,,,,,,,,
,,,,,,,,,,,,,,,,,,,,,,,,,,
,,,,,,,,,,,,,,,,,,,,,,,,,,
,,,,,,,,,,,,,,,,,,,,,,,,,,
,,,,,,,,,,,,,,,,,,,,,,,,,,
,,,,,,,,,,,,,,,,,,,,,,,,,,
,,,,,,,,,,,,,,,,,,,,,,,,,,
,,,,,,,,,,,,,,,,,,,,,,,,,,
,,,,,,,,,,,,,,,,,,,,,,,,,,
,,,,,,,,,,,,,,,,,,,,,,,,,,
,,,,,,,,,,,,,,,,,,,,,,,,,,
,,,,,,,,,,,,,,,,,,,,,,,,,,
,,,,,,,,,,,,,,,,,,,,,,,,,,
,,,,,,,,,,,,,,,,,,,,,,,,,,
,,,,,,,,,,,,,,,,,,,,,,,,,,
,,,,,,,,,,,,,,,,,,,,,,,,,,
,,,,,,,,,,,,,,,,,,,,,,,,,,
,,,,,,,,,,,,,,,,,,,,,,,,,,
,,,,,,,,,,,,,,,,,,,,,,,,,,
,,,,,,,,,,,,,,,,,,,,,,,,,,
,,,,,,,,,,,,,,,,,,,,,,,,,,
,,,,,,,,,,,,,,,,,,,,,,,,,,
,,,,,,,,,,,,,,,,,,,,,,,,,,
,,,,,,,,,,,,,,,,,,,,,,,,,,
,,,,,,,,,,,,,,,,,,,,,,,,,,
,,,,,,,,,,,,,,,,,,,,,,,,,,
,,,,,,,,,,,,,,,,,,,,,,,,,,
,,,,,,,,,,,,,,,,,,,,,,,,,,
,,,,,,,,,,,,,,,,,,,,,,,,,,
,,,,,,,,,,,,,,,,,,,,,,,,,,
,,,,,,,,,,,,,,,,,,,,,,,,,,
,,,,,,,,,,,,,,,,,,,,,,,,,,
,,,,,,,,,,,,,,,,,,,,,,,,,,
,,,,,,,,,,,,,,,,,,,,,,,,,,
,,,,,,,,,,,,,,,,,,,,,,,,,,
,,,,,,,,,,,,,,,,,,,,,,,,,,
,,,,,,,,,,,,,,,,,,,,,,,,,,
,,,,,,,,,,,,,,,,,,,,,,,,,,
,,,,,,,,,,,,,,,,,,,,,,,,,,
,,,,,,,,,,,,,,,,,,,,,,,,,,
,,,,,,,,,,,,,,,,,,,,,,,,,,
,,,,,,,,,,,,,,,,,,,,,,,,,,
,,,,,,,,,,,,,,,,,,,,,,,,,,
,,,,,,,,,,,,,,,,,,,,,,,,,,
,,,,,,,,,,,,,,,,,,,,,,,,,,
,,,,,,,,,,,,,,,,,,,,,,,,,,
,,,,,,,,,,,,,,,,,,,,,,,,,,
,,,,,,,,,,,,,,,,,,,,,,,,,,
,,,,,,,,,,,,,,,,,,,,,,,,,,
,,,,,,,,,,,,,,,,,,,,,,,,,,
,,,,,,,,,,,,,,,,,,,,,,,,,,
,,,,,,,,,,,,,,,,,,,,,,,,,,
,,,,,,,,,,,,,,,,,,,,,,,,,,
,,,,,,,,,,,,,,,,,,,,,,,,,,
,,,,,,,,,,,,,,,,,,,,,,,,,,
,,,,,,,,,,,,,,,,,,,,,,,,,,
,,,,,,,,,,,,,,,,,,,,,,,,,,
,,,,,,,,,,,,,,,,,,,,,,,,,,
,,,,,,,,,,,,,,,,,,,,,,,,,,
,,,,,,,,,,,,,,,,,,,,,,,,,,
,,,,,,,,,,,,,,,,,,,,,,,,,,
,,,,,,,,,,,,,,,,,,,,,,,,,,
,,,,,,,,,,,,,,,,,,,,,,,,,,
,,,,,,,,,,,,,,,,,,,,,,,,,,
,,,,,,,,,,,,,,,,,,,,,,,,,,
,,,,,,,,,,,,,,,,,,,,,,,,,,
,,,,,,,,,,,,,,,,,,,,,,,,,,
,,,,,,,,,,,,,,,,,,,,,,,,,,
,,,,,,,,,,,,,,,,,,,,,,,,,,
,,,,,,,,,,,,,,,,,,,,,,,,,,
,,,,,,,,,,,,,,,,,,,,,,,,,,
,,,,,,,,,,,,,,,,,,,,,,,,,,
,,,,,,,,,,,,,,,,,,,,,,,,,,
,,,,,,,,,,,,,,,,,,,,,,,,,,
,,,,,,,,,,,,,,,,,,,,,,,,,,
,,,,,,,,,,,,,,,,,,,,,,,,,,
,,,,,,,,,,,,,,,,,,,,,,,,,,
,,,,,,,,,,,,,,,,,,,,,,,,,,
,,,,,,,,,,,,,,,,,,,,,,,,,,
,,,,,,,,,,,,,,,,,,,,,,,,,,
,,,,,,,,,,,,,,,,,,,,,,,,,,
,,,,,,,,,,,,,,,,,,,,,,,,,,
,,,,,,,,,,,,,,,,,,,,,,,,,,
,,,,,,,,,,,,,,,,,,,,,,,,,,
,,,,,,,,,,,,,,,,,,,,,,,,,,
,,,,,,,,,,,,,,,,,,,,,,,,,,
,,,,,,,,,,,,,,,,,,,,,,,,,,
,,,,,,,,,,,,,,,,,,,,,,,,,,
,,,,,,,,,,,,,,,,,,,,,,,,,,
,,,,,,,,,,,,,,,,,,,,,,,,,,
,,,,,,,,,,,,,,,,,,,,,,,,,,
,,,,,,,,,,,,,,,,,,,,,,,,,,
,,,,,,,,,,,,,,,,,,,,,,,,,,
,,,,,,,,,,,,,,,,,,,,,,,,,,
,,,,,,,,,,,,,,,,,,,,,,,,,,
,,,,,,,,,,,,,,,,,,,,,,,,,,
,,,,,,,,,,,,,,,,,,,,,,,,,,
,,,,,,,,,,,,,,,,,,,,,,,,,,
,,,,,,,,,,,,,,,,,,,,,,,,,,
,,,,,,,,,,,,,,,,,,,,,,,,,,
,,,,,,,,,,,,,,,,,,,,,,,,,,
,,,,,,,,,,,,,,,,,,,,,,,,,,
,,,,,,,,,,,,,,,,,,,,,,,,,,
,,,,,,,,,,,,,,,,,,,,,,,,,,
,,,,,,,,,,,,,,,,,,,,,,,,,,
,,,,,,,,,,,,,,,,,,,,,,,,,,
,,,,,,,,,,,,,,,,,,,,,,,,,,
,,,,,,,,,,,,,,,,,,,,,,,,,,
,,,,,,,,,,,,,,,,,,,,,,,,,,
,,,,,,,,,,,,,,,,,,,,,,,,,,
,,,,,,,,,,,,,,,,,,,,,,,,,,
,,,,,,,,,,,,,,,,,,,,,,,,,,
,,,,,,,,,,,,,,,,,,,,,,,,,,
,,,,,,,,,,,,,,,,,,,,,,,,,,
,,,,,,,,,,,,,,,,,,,,,,,,,,
,,,,,,,,,,,,,,,,,,,,,,,,,,
,,,,,,,,,,,,,,,,,,,,,,,,,,
,,,,,,,,,,,,,,,,,,,,,,,,,,
,,,,,,,,,,,,,,,,,,,,,,,,,,
,,,,,,,,,,,,,,,,,,,,,,,,,,
,,,,,,,,,,,,,,,,,,,,,,,,,,
,,,,,,,,,,,,,,,,,,,,,,,,,,
,,,,,,,,,,,,,,,,,,,,,,,,,,
,,,,,,,,,,,,,,,,,,,,,,,,,,
,,,,,,,,,,,,,,,,,,,,,,,,,,
,,,,,,,,,,,,,,,,,,,,,,,,,,
,,,,,,,,,,,,,,,,,,,,,,,,,,
,,,,,,,,,,,,,,,,,,,,,,,,,,
,,,,,,,,,,,,,,,,,,,,,,,,,,
,,,,,,,,,,,,,,,,,,,,,,,,,,
,,,,,,,,,,,,,,,,,,,,,,,,,,
,,,,,,,,,,,,,,,,,,,,,,,,,,
,,,,,,,,,,,,,,,,,,,,,,,,,,
,,,,,,,,,,,,,,,,,,,,,,,,,,
,,,,,,,,,,,,,,,,,,,,,,,,,,
,,,,,,,,,,,,,,,,,,,,,,,,,,
,,,,,,,,,,,,,,,,,,,,,,,,,,
,,,,,,,,,,,,,,,,,,,,,,,,,,
,,,,,,,,,,,,,,,,,,,,,,,,,,
,,,,,,,,,,,,,,,,,,,,,,,,,,
,,,,,,,,,,,,,,,,,,,,,,,,,,
,,,,,,,,,,,,,,,,,,,,,,,,,,
,,,,,,,,,,,,,,,,,,,,,,,,,,
,,,,,,,,,,,,,,,,,,,,,,,,,,
,,,,,,,,,,,,,,,,,,,,,,,,,,
,,,,,,,,,,,,,,,,,,,,,,,,,,
,,,,,,,,,,,,,,,,,,,,,,,,,,
,,,,,,,,,,,,,,,,,,,,,,,,,,
,,,,,,,,,,,,,,,,,,,,,,,,,,
,,,,,,,,,,,,,,,,,,,,,,,,,,
,,,,,,,,,,,,,,,,,,,,,,,,,,
,,,,,,,,,,,,,,,,,,,,,,,,,,
,,,,,,,,,,,,,,,,,,,,,,,,,,
,,,,,,,,,,,,,,,,,,,,,,,,,,
,,,,,,,,,,,,,,,,,,,,,,,,,,
,,,,,,,,,,,,,,,,,,,,,,,,,,
,,,,,,,,,,,,,,,,,,,,,,,,,,
,,,,,,,,,,,,,,,,,,,,,,,,,,
,,,,,,,,,,,,,,,,,,,,,,,,,,
,,,,,,,,,,,,,,,,,,,,,,,,,,
,,,,,,,,,,,,,,,,,,,,,,,,,,
,,,,,,,,,,,,,,,,,,,,,,,,,,
,,,,,,,,,,,,,,,,,,,,,,,,,,
,,,,,,,,,,,,,,,,,,,,,,,,,,
,,,,,,,,,,,,,,,,,,,,,,,,,,
,,,,,,,,,,,,,,,,,,,,,,,,,,
,,,,,,,,,,,,,,,,,,,,,,,,,,
,,,,,,,,,,,,,,,,,,,,,,,,,,
,,,,,,,,,,,,,,,,,,,,,,,,,,
,,,,,,,,,,,,,,,,,,,,,,,,,,
,,,,,,,,,,,,,,,,,,,,,,,,,,
,,,,,,,,,,,,,,,,,,,,,,,,,,
,,,,,,,,,,,,,,,,,,,,,,,,,,
,,,,,,,,,,,,,,,,,,,,,,,,,,
,,,,,,,,,,,,,,,,,,,,,,,,,,
,,,,,,,,,,,,,,,,,,,,,,,,,,
,,,,,,,,,,,,,,,,,,,,,,,,,,
,,,,,,,,,,,,,,,,,,,,,,,,,,
,,,,,,,,,,,,,,,,,,,,,,,,,,
,,,,,,,,,,,,,,,,,,,,,,,,,,
,,,,,,,,,,,,,,,,,,,,,,,,,,
,,,,,,,,,,,,,,,,,,,,,,,,,,
,,,,,,,,,,,,,,,,,,,,,,,,,,
,,,,,,,,,,,,,,,,,,,,,,,,,,
,,,,,,,,,,,,,,,,,,,,,,,,,,
,,,,,,,,,,,,,,,,,,,,,,,,,,
,,,,,,,,,,,,,,,,,,,,,,,,,,
,,,,,,,,,,,,,,,,,,,,,,,,,,
,,,,,,,,,,,,,,,,,,,,,,,,,,
,,,,,,,,,,,,,,,,,,,,,,,,,,
,,,,,,,,,,,,,,,,,,,,,,,,,,
,,,,,,,,,,,,,,,,,,,,,,,,,,
,,,,,,,,,,,,,,,,,,,,,,,,,,
,,,,,,,,,,,,,,,,,,,,,,,,,,
,,,,,,,,,,,,,,,,,,,,,,,,,,
,,,,,,,,,,,,,,,,,,,,,,,,,,
,,,,,,,,,,,,,,,,,,,,,,,,,,
,,,,,,,,,,,,,,,,,,,,,,,,,,
,,,,,,,,,,,,,,,,,,,,,,,,,,
,,,,,,,,,,,,,,,,,,,,,,,,,,
,,,,,,,,,,,,,,,,,,,,,,,,,,
,,,,,,,,,,,,,,,,,,,,,,,,,,
,,,,,,,,,,,,,,,,,,,,,,,,,,
,,,,,,,,,,,,,,,,,,,,,,,,,,
,,,,,,,,,,,,,,,,,,,,,,,,,,
,,,,,,,,,,,,,,,,,,,,,,,,,,
,,,,,,,,,,,,,,,,,,,,,,,,,,
,,,,,,,,,,,,,,,,,,,,,,,,,,
,,,,,,,,,,,,,,,,,,,,,,,,,,
,,,,,,,,,,,,,,,,,,,,,,,,,,
,,,,,,,,,,,,,,,,,,,,,,,,,,
,,,,,,,,,,,,,,,,,,,,,,,,,,
,,,,,,,,,,,,,,,,,,,,,,,,,,
,,,,,,,,,,,,,,,,,,,,,,,,,,
,,,,,,,,,,,,,,,,,,,,,,,,,,
,,,,,,,,,,,,,,,,,,,,,,,,,,
,,,,,,,,,,,,,,,,,,,,,,,,,,
,,,,,,,,,,,,,,,,,,,,,,,,,,
,,,,,,,,,,,,,,,,,,,,,,,,,,
,,,,,,,,,,,,,,,,,,,,,,,,,,
,,,,,,,,,,,,,,,,,,,,,,,,,,
,,,,,,,,,,,,,,,,,,,,,,,,,,
,,,,,,,,,,,,,,,,,,,,,,,,,,
,,,,,,,,,,,,,,,,,,,,,,,,,,
,,,,,,,,,,,,,,,,,,,,,,,,,,
,,,,,,,,,,,,,,,,,,,,,,,,,,
,,,,,,,,,,,,,,,,,,,,,,,,,,
,,,,,,,,,,,,,,,,,,,,,,,,,,
,,,,,,,,,,,,,,,,,,,,,,,,,,
,,,,,,,,,,,,,,,,,,,,,,,,,,
,,,,,,,,,,,,,,,,,,,,,,,,,,
,,,,,,,,,,,,,,,,,,,,,,,,,,
,,,,,,,,,,,,,,,,,,,,,,,,,,
,,,,,,,,,,,,,,,,,,,,,,,,,,
,,,,,,,,,,,,,,,,,,,,,,,,,,
,,,,,,,,,,,,,,,,,,,,,,,,,,
,,,,,,,,,,,,,,,,,,,,,,,,,,
,,,,,,,,,,,,,,,,,,,,,,,,,,
,,,,,,,,,,,,,,,,,,,,,,,,,,
,,,,,,,,,,,,,,,,,,,,,,,,,,
,,,,,,,,,,,,,,,,,,,,,,,,,,
,,,,,,,,,,,,,,,,,,,,,,,,,,
,,,,,,,,,,,,,,,,,,,,,,,,,,
,,,,,,,,,,,,,,,,,,,,,,,,,,
,,,,,,,,,,,,,,,,,,,,,,,,,,
,,,,,,,,,,,,,,,,,,,,,,,,,,
,,,,,,,,,,,,,,,,,,,,,,,,,,
,,,,,,,,,,,,,,,,,,,,,,,,,,
,,,,,,,,,,,,,,,,,,,,,,,,,,
,,,,,,,,,,,,,,,,,,,,,,,,,,
,,,,,,,,,,,,,,,,,,,,,,,,,,
,,,,,,,,,,,,,,,,,,,,,,,,,,
,,,,,,,,,,,,,,,,,,,,,,,,,,
,,,,,,,,,,,,,,,,,,,,,,,,,,
,,,,,,,,,,,,,,,,,,,,,,,,,,
,,,,,,,,,,,,,,,,,,,,,,,,,,
,,,,,,,,,,,,,,,,,,,,,,,,,,
,,,,,,,,,,,,,,,,,,,,,,,,,,
,,,,,,,,,,,,,,,,,,,,,,,,,,
,,,,,,,,,,,,,,,,,,,,,,,,,,
,,,,,,,,,,,,,,,,,,,,,,,,,,
,,,,,,,,,,,,,,,,,,,,,,,,,,
,,,,,,,,,,,,,,,,,,,,,,,,,,
,,,,,,,,,,,,,,,,,,,,,,,,,,
,,,,,,,,,,,,,,,,,,,,,,,,,,
,,,,,,,,,,,,,,,,,,,,,,,,,,
,,,,,,,,,,,,,,,,,,,,,,,,,,
,,,,,,,,,,,,,,,,,,,,,,,,,,
,,,,,,,,,,,,,,,,,,,,,,,,,,
,,,,,,,,,,,,,,,,,,,,,,,,,,
,,,,,,,,,,,,,,,,,,,,,,,,,,
,,,,,,,,,,,,,,,,,,,,,,,,,,
,,,,,,,,,,,,,,,,,,,,,,,,,,
,,,,,,,,,,,,,,,,,,,,,,,,,,
,,,,,,,,,,,,,,,,,,,,,,,,,,
,,,,,,,,,,,,,,,,,,,,,,,,,,
,,,,,,,,,,,,,,,,,,,,,,,,,,
,,,,,,,,,,,,,,,,,,,,,,,,,,
,,,,,,,,,,,,,,,,,,,,,,,,,,
,,,,,,,,,,,,,,,,,,,,,,,,,,
,,,,,,,,,,,,,,,,,,,,,,,,,,
,,,,,,,,,,,,,,,,,,,,,,,,,,
,,,,,,,,,,,,,,,,,,,,,,,,,,
,,,,,,,,,,,,,,,,,,,,,,,,,,
,,,,,,,,,,,,,,,,,,,,,,,,,,
,,,,,,,,,,,,,,,,,,,,,,,,,,
,,,,,,,,,,,,,,,,,,,,,,,,,,
,,,,,,,,,,,,,,,,,,,,,,,,,,
,,,,,,,,,,,,,,,,,,,,,,,,,,
,,,,,,,,,,,,,,,,,,,,,,,,,,
,,,,,,,,,,,,,,,,,,,,,,,,,,
,,,,,,,,,,,,,,,,,,,,,,,,,,
,,,,,,,,,,,,,,,,,,,,,,,,,,
,,,,,,,,,,,,,,,,,,,,,,,,,,
,,,,,,,,,,,,,,,,,,,,,,,,,,
,,,,,,,,,,,,,,,,,,,,,,,,,,
,,,,,,,,,,,,,,,,,,,,,,,,,,
,,,,,,,,,,,,,,,,,,,,,,,,,,
,,,,,,,,,,,,,,,,,,,,,,,,,,
,,,,,,,,,,,,,,,,,,,,,,,,,,
,,,,,,,,,,,,,,,,,,,,,,,,,,
,,,,,,,,,,,,,,,,,,,,,,,,,,
,,,,,,,,,,,,,,,,,,,,,,,,,,
,,,,,,,,,,,,,,,,,,,,,,,,,,
,,,,,,,,,,,,,,,,,,,,,,,,,,
,,,,,,,,,,,,,,,,,,,,,,,,,,
,,,,,,,,,,,,,,,,,,,,,,,,,,
,,,,,,,,,,,,,,,,,,,,,,,,,,
,,,,,,,,,,,,,,,,,,,,,,,,,,
,,,,,,,,,,,,,,,,,,,,,,,,,,
,,,,,,,,,,,,,,,,,,,,,,,,,,
,,,,,,,,,,,,,,,,,,,,,,,,,,
,,,,,,,,,,,,,,,,,,,,,,,,,,
,,,,,,,,,,,,,,,,,,,,,,,,,,
,,,,,,,,,,,,,,,,,,,,,,,,,,
,,,,,,,,,,,,,,,,,,,,,,,,,,
,,,,,,,,,,,,,,,,,,,,,,,,,,
,,,,,,,,,,,,,,,,,,,,,,,,,,
,,,,,,,,,,,,,,,,,,,,,,,,,,
,,,,,,,,,,,,,,,,,,,,,,,,,,
,,,,,,,,,,,,,,,,,,,,,,,,,,
,,,,,,,,,,,,,,,,,,,,,,,,,,
,,,,,,,,,,,,,,,,,,,,,,,,,,
,,,,,,,,,,,,,,,,,,,,,,,,,,
,,,,,,,,,,,,,,,,,,,,,,,,,,
,,,,,,,,,,,,,,,,,,,,,,,,,,
,,,,,,,,,,,,,,,,,,,,,,,,,,
,,,,,,,,,,,,,,,,,,,,,,,,,,
,,,,,,,,,,,,,,,,,,,,,,,,,,
,,,,,,,,,,,,,,,,,,,,,,,,,,
,,,,,,,,,,,,,,,,,,,,,,,,,,
,,,,,,,,,,,,,,,,,,,,,,,,,,
,,,,,,,,,,,,,,,,,,,,,,,,,,
,,,,,,,,,,,,,,,,,,,,,,,,,,
,,,,,,,,,,,,,,,,,,,,,,,,,,
,,,,,,,,,,,,,,,,,,,,,,,,,,
,,,,,,,,,,,,,,,,,,,,,,,,,,
,,,,,,,,,,,,,,,,,,,,,,,,,,
,,,,,,,,,,,,,,,,,,,,,,,,,,
,,,,,,,,,,,,,,,,,,,,,,,,,,
,,,,,,,,,,,,,,,,,,,,,,,,,,
,,,,,,,,,,,,,,,,,,,,,,,,,,
,,,,,,,,,,,,,,,,,,,,,,,,,,
,,,,,,,,,,,,,,,,,,,,,,,,,,
,,,,,,,,,,,,,,,,,,,,,,,,,,
,,,,,,,,,,,,,,,,,,,,,,,,,,
,,,,,,,,,,,,,,,,,,,,,,,,,,
,,,,,,,,,,,,,,,,,,,,,,,,,,
,,,,,,,,,,,,,,,,,,,,,,,,,,
,,,,,,,,,,,,,,,,,,,,,,,,,,
,,,,,,,,,,,,,,,,,,,,,,,,,,
,,,,,,,,,,,,,,,,,,,,,,,,,,
,,,,,,,,,,,,,,,,,,,,,,,,,,
,,,,,,,,,,,,,,,,,,,,,,,,,,
,,,,,,,,,,,,,,,,,,,,,,,,,,
,,,,,,,,,,,,,,,,,,,,,,,,,,
,,,,,,,,,,,,,,,,,,,,,,,,,,
,,,,,,,,,,,,,,,,,,,,,,,,,,
,,,,,,,,,,,,,,,,,,,,,,,,,,
,,,,,,,,,,,,,,,,,,,,,,,,,,
,,,,,,,,,,,,,,,,,,,,,,,,,,
,,,,,,,,,,,,,,,,,,,,,,,,,,
,,,,,,,,,,,,,,,,,,,,,,,,,,
,,,,,,,,,,,,,,,,,,,,,,,,,,
,,,,,,,,,,,,,,,,,,,,,,,,,,
,,,,,,,,,,,,,,,,,,,,,,,,,,
,,,,,,,,,,,,,,,,,,,,,,,,,,
,,,,,,,,,,,,,,,,,,,,,,,,,,
,,,,,,,,,,,,,,,,,,,,,,,,,,
,,,,,,,,,,,,,,,,,,,,,,,,,,
,,,,,,,,,,,,,,,,,,,,,,,,,,
,,,,,,,,,,,,,,,,,,,,,,,,,,
,,,,,,,,,,,,,,,,,,,,,,,,,,
,,,,,,,,,,,,,,,,,,,,,,,,,,
,,,,,,,,,,,,,,,,,,,,,,,,,,
,,,,,,,,,,,,,,,,,,,,,,,,,,
,,,,,,,,,,,,,,,,,,,,,,,,,,
,,,,,,,,,,,,,,,,,,,,,,,,,,
,,,,,,,,,,,,,,,,,,,,,,,,,,
,,,,,,,,,,,,,,,,,,,,,,,,,,
,,,,,,,,,,,,,,,,,,,,,,,,,,
,,,,,,,,,,,,,,,,,,,,,,,,,,
,,,,,,,,,,,,,,,,,,,,,,,,,,
,,,,,,,,,,,,,,,,,,,,,,,,,,
,,,,,,,,,,,,,,,,,,,,,,,,,,
,,,,,,,,,,,,,,,,,,,,,,,,,,
,,,,,,,,,,,,,,,,,,,,,,,,,,
,,,,,,,,,,,,,,,,,,,,,,,,,,
,,,,,,,,,,,,,,,,,,,,,,,,,,
,,,,,,,,,,,,,,,,,,,,,,,,,,
,,,,,,,,,,,,,,,,,,,,,,,,,,
,,,,,,,,,,,,,,,,,,,,,,,,,,
,,,,,,,,,,,,,,,,,,,,,,,,,,
,,,,,,,,,,,,,,,,,,,,,,,,,,
,,,,,,,,,,,,,,,,,,,,,,,,,,
,,,,,,,,,,,,,,,,,,,,,,,,,,
,,,,,,,,,,,,,,,,,,,,,,,,,,
,,,,,,,,,,,,,,,,,,,,,,,,,,
,,,,,,,,,,,,,,,,,,,,,,,,,,
,,,,,,,,,,,,,,,,,,,,,,,,,,
,,,,,,,,,,,,,,,,,,,,,,,,,,
,,,,,,,,,,,,,,,,,,,,,,,,,,
,,,,,,,,,,,,,,,,,,,,,,,,,,
,,,,,,,,,,,,,,,,,,,,,,,,,,
,,,,,,,,,,,,,,,,,,,,,,,,,,
,,,,,,,,,,,,,,,,,,,,,,,,,,
,,,,,,,,,,,,,,,,,,,,,,,,,,
,,,,,,,,,,,,,,,,,,,,,,,,,,
,,,,,,,,,,,,,,,,,,,,,,,,,,
,,,,,,,,,,,,,,,,,,,,,,,,,,
,,,,,,,,,,,,,,,,,,,,,,,,,,
,,,,,,,,,,,,,,,,,,,,,,,,,,
,,,,,,,,,,,,,,,,,,,,,,,,,,
,,,,,,,,,,,,,,,,,,,,,,,,,,
,,,,,,,,,,,,,,,,,,,,,,,,,,
,,,,,,,,,,,,,,,,,,,,,,,,,,
,,,,,,,,,,,,,,,,,,,,,,,,,,
,,,,,,,,,,,,,,,,,,,,,,,,,,
,,,,,,,,,,,,,,,,,,,,,,,,,,
,,,,,,,,,,,,,,,,,,,,,,,,,,
,,,,,,,,,,,,,,,,,,,,,,,,,,
,,,,,,,,,,,,,,,,,,,,,,,,,,
,,,,,,,,,,,,,,,,,,,,,,,,,,
,,,,,,,,,,,,,,,,,,,,,,,,,,
,,,,,,,,,,,,,,,,,,,,,,,,,,
,,,,,,,,,,,,,,,,,,,,,,,,,,
,,,,,,,,,,,,,,,,,,,,,,,,,,
,,,,,,,,,,,,,,,,,,,,,,,,,,
,,,,,,,,,,,,,,,,,,,,,,,,,,
,,,,,,,,,,,,,,,,,,,,,,,,,,
,,,,,,,,,,,,,,,,,,,,,,,,,,
,,,,,,,,,,,,,,,,,,,,,,,,,,
,,,,,,,,,,,,,,,,,,,,,,,,,,
,,,,,,,,,,,,,,,,,,,,,,,,,,
,,,,,,,,,,,,,,,,,,,,,,,,,,
,,,,,,,,,,,,,,,,,,,,,,,,,,
,,,,,,,,,,,,,,,,,,,,,,,,,,
,,,,,,,,,,,,,,,,,,,,,,,,,,
,,,,,,,,,,,,,,,,,,,,,,,,,,
,,,,,,,,,,,,,,,,,,,,,,,,,,
,,,,,,,,,,,,,,,,,,,,,,,,,,
,,,,,,,,,,,,,,,,,,,,,,,,,,
,,,,,,,,,,,,,,,,,,,,,,,,,,
,,,,,,,,,,,,,,,,,,,,,,,,,,
,,,,,,,,,,,,,,,,,,,,,,,,,,
,,,,,,,,,,,,,,,,,,,,,,,,,,
,,,,,,,,,,,,,,,,,,,,,,,,,,
,,,,,,,,,,,,,,,,,,,,,,,,,,
,,,,,,,,,,,,,,,,,,,,,,,,,,
,,,,,,,,,,,,,,,,,,,,,,,,,,
,,,,,,,,,,,,,,,,,,,,,,,,,,
,,,,,,,,,,,,,,,,,,,,,,,,,,
,,,,,,,,,,,,,,,,,,,,,,,,,,
,,,,,,,,,,,,,,,,,,,,,,,,,,
,,,,,,,,,,,,,,,,,,,,,,,,,,
,,,,,,,,,,,,,,,,,,,,,,,,,,
,,,,,,,,,,,,,,,,,,,,,,,,,,
,,,,,,,,,,,,,,,,,,,,,,,,,,
,,,,,,,,,,,,,,,,,,,,,,,,,,
,,,,,,,,,,,,,,,,,,,,,,,,,,
,,,,,,,,,,,,,,,,,,,,,,,,,,
,,,,,,,,,,,,,,,,,,,,,,,,,,
,,,,,,,,,,,,,,,,,,,,,,,,,,
,,,,,,,,,,,,,,,,,,,,,,,,,,
,,,,,,,,,,,,,,,,,,,,,,,,,,
,,,,,,,,,,,,,,,,,,,,,,,,,,
,,,,,,,,,,,,,,,,,,,,,,,,,,
,,,,,,,,,,,,,,,,,,,,,,,,,,
,,,,,,,,,,,,,,,,,,,,,,,,,,
,,,,,,,,,,,,,,,,,,,,,,,,,,
,,,,,,,,,,,,,,,,,,,,,,,,,,
,,,,,,,,,,,,,,,,,,,,,,,,,,
,,,,,,,,,,,,,,,,,,,,,,,,,,
,,,,,,,,,,,,,,,,,,,,,,,,,,
,,,,,,,,,,,,,,,,,,,,,,,,,,
,,,,,,,,,,,,,,,,,,,,,,,,,,
,,,,,,,,,,,,,,,,,,,,,,,,,,
,,,,,,,,,,,,,,,,,,,,,,,,,,
,,,,,,,,,,,,,,,,,,,,,,,,,,
,,,,,,,,,,,,,,,,,,,,,,,,,,
,,,,,,,,,,,,,,,,,,,,,,,,,,
,,,,,,,,,,,,,,,,,,,,,,,,,,
,,,,,,,,,,,,,,,,,,,,,,,,,,
,,,,,,,,,,,,,,,,,,,,,,,,,,
,,,,,,,,,,,,,,,,,,,,,,,,,,
,,,,,,,,,,,,,,,,,,,,,,,,,,
,,,,,,,,,,,,,,,,,,,,,,,,,,
,,,,,,,,,,,,,,,,,,,,,,,,,,
,,,,,,,,,,,,,,,,,,,,,,,,,,
,,,,,,,,,,,,,,,,,,,,,,,,,,
,,,,,,,,,,,,,,,,,,,,,,,,,,
,,,,,,,,,,,,,,,,,,,,,,,,,,
,,,,,,,,,,,,,,,,,,,,,,,,,,
,,,,,,,,,,,,,,,,,,,,,,,,,,
,,,,,,,,,,,,,,,,,,,,,,,,,,
,,,,,,,,,,,,,,,,,,,,,,,,,,
,,,,,,,,,,,,,,,,,,,,,,,,,,
,,,,,,,,,,,,,,,,,,,,,,,,,,
,,,,,,,,,,,,,,,,,,,,,,,,,,
,,,,,,,,,,,,,,,,,,,,,,,,,,
,,,,,,,,,,,,,,,,,,,,,,,,,,
,,,,,,,,,,,,,,,,,,,,,,,,,,
,,,,,,,,,,,,,,,,,,,,,,,,,,
,,,,,,,,,,,,,,,,,,,,,,,,,,
,,,,,,,,,,,,,,,,,,,,,,,,,,
,,,,,,,,,,,,,,,,,,,,,,,,,,
,,,,,,,,,,,,,,,,,,,,,,,,,,
,,,,,,,,,,,,,,,,,,,,,,,,,,
,,,,,,,,,,,,,,,,,,,,,,,,,,
,,,,,,,,,,,,,,,,,,,,,,,,,,
,,,,,,,,,,,,,,,,,,,,,,,,,,
,,,,,,,,,,,,,,,,,,,,,,,,,,
,,,,,,,,,,,,,,,,,,,,,,,,,,
,,,,,,,,,,,,,,,,,,,,,,,,,,
,,,,,,,,,,,,,,,,,,,,,,,,,,
,,,,,,,,,,,,,,,,,,,,,,,,,,
,,,,,,,,,,,,,,,,,,,,,,,,,,
,,,,,,,,,,,,,,,,,,,,,,,,,,
,,,,,,,,,,,,,,,,,,,,,,,,,,
,,,,,,,,,,,,,,,,,,,,,,,,,,
,,,,,,,,,,,,,,,,,,,,,,,,,,
,,,,,,,,,,,,,,,,,,,,,,,,,,
,,,,,,,,,,,,,,,,,,,,,,,,,,
,,,,,,,,,,,,,,,,,,,,,,,,,,
,,,,,,,,,,,,,,,,,,,,,,,,,,
,,,,,,,,,,,,,,,,,,,,,,,,,,
,,,,,,,,,,,,,,,,,,,,,,,,,,
,,,,,,,,,,,,,,,,,,,,,,,,,,
,,,,,,,,,,,,,,,,,,,,,,,,,,
,,,,,,,,,,,,,,,,,,,,,,,,,,
,,,,,,,,,,,,,,,,,,,,,,,,,,
,,,,,,,,,,,,,,,,,,,,,,,,,,
,,,,,,,,,,,,,,,,,,,,,,,,,,
,,,,,,,,,,,,,,,,,,,,,,,,,,
,,,,,,,,,,,,,,,,,,,,,,,,,,
,,,,,,,,,,,,,,,,,,,,,,,,,,
,,,,,,,,,,,,,,,,,,,,,,,,,,
,,,,,,,,,,,,,,,,,,,,,,,,,,
,,,,,,,,,,,,,,,,,,,,,,,,,,
,,,,,,,,,,,,,,,,,,,,,,,,,,
,,,,,,,,,,,,,,,,,,,,,,,,,,
,,,,,,,,,,,,,,,,,,,,,,,,,,
,,,,,,,,,,,,,,,,,,,,,,,,,,
,,,,,,,,,,,,,,,,,,,,,,,,,,
,,,,,,,,,,,,,,,,,,,,,,,,,,
,,,,,,,,,,,,,,,,,,,,,,,,,,
,,,,,,,,,,,,,,,,,,,,,,,,,,
,,,,,,,,,,,,,,,,,,,,,,,,,,
,,,,,,,,,,,,,,,,,,,,,,,,,,
,,,,,,,,,,,,,,,,,,,,,,,,,,
,,,,,,,,,,,,,,,,,,,,,,,,,,
,,,,,,,,,,,,,,,,,,,,,,,,,,
,,,,,,,,,,,,,,,,,,,,,,,,,,
,,,,,,,,,,,,,,,,,,,,,,,,,,
,,,,,,,,,,,,,,,,,,,,,,,,,,
,,,,,,,,,,,,,,,,,,,,,,,,,,
,,,,,,,,,,,,,,,,,,,,,,,,,,
,,,,,,,,,,,,,,,,,,,,,,,,,,
,,,,,,,,,,,,,,,,,,,,,,,,,,
,,,,,,,,,,,,,,,,,,,,,,,,,,
,,,,,,,,,,,,,,,,,,,,,,,,,,
,,,,,,,,,,,,,,,,,,,,,,,,,,
,,,,,,,,,,,,,,,,,,,,,,,,,,
,,,,,,,,,,,,,,,,,,,,,,,,,,
,,,,,,,,,,,,,,,,,,,,,,,,,,
,,,,,,,,,,,,,,,,,,,,,,,,,,
,,,,,,,,,,,,,,,,,,,,,,,,,,
,,,,,,,,,,,,,,,,,,,,,,,,,,
,,,,,,,,,,,,,,,,,,,,,,,,,,
,,,,,,,,,,,,,,,,,,,,,,,,,,
,,,,,,,,,,,,,,,,,,,,,,,,,,
,,,,,,,,,,,,,,,,,,,,,,,,,,
,,,,,,,,,,,,,,,,,,,,,,,,,,
,,,,,,,,,,,,,,,,,,,,,,,,,,
,,,,,,,,,,,,,,,,,,,,,,,,,,
,,,,,,,,,,,,,,,,,,,,,,,,,,
,,,,,,,,,,,,,,,,,,,,,,,,,,
,,,,,,,,,,,,,,,,,,,,,,,,,,
,,,,,,,,,,,,,,,,,,,,,,,,,,
,,,,,,,,,,,,,,,,,,,,,,,,,,
,,,,,,,,,,,,,,,,,,,,,,,,,,
,,,,,,,,,,,,,,,,,,,,,,,,,,
,,,,,,,,,,,,,,,,,,,,,,,,,,
,,,,,,,,,,,,,,,,,,,,,,,,,,
,,,,,,,,,,,,,,,,,,,,,,,,,,
,,,,,,,,,,,,,,,,,,,,,,,,,,
,,,,,,,,,,,,,,,,,,,,,,,,,,
,,,,,,,,,,,,,,,,,,,,,,,,,,
,,,,,,,,,,,,,,,,,,,,,,,,,,
,,,,,,,,,,,,,,,,,,,,,,,,,,
,,,,,,,,,,,,,,,,,,,,,,,,,,
,,,,,,,,,,,,,,,,,,,,,,,,,,
,,,,,,,,,,,,,,,,,,,,,,,,,,
,,,,,,,,,,,,,,,,,,,,,,,,,,
,,,,,,,,,,,,,,,,,,,,,,,,,,
,,,,,,,,,,,,,,,,,,,,,,,,,,
,,,,,,,,,,,,,,,,,,,,,,,,,,
,,,,,,,,,,,,,,,,,,,,,,,,,,
,,,,,,,,,,,,,,,,,,,,,,,,,,
,,,,,,,,,,,,,,,,,,,,,,,,,,
,,,,,,,,,,,,,,,,,,,,,,,,,,
,,,,,,,,,,,,,,,,,,,,,,,,,,
,,,,,,,,,,,,,,,,,,,,,,,,,,
,,,,,,,,,,,,,,,,,,,,,,,,,,
,,,,,,,,,,,,,,,,,,,,,,,,,,
,,,,,,,,,,,,,,,,,,,,,,,,,,
,,,,,,,,,,,,,,,,,,,,,,,,,,
,,,,,,,,,,,,,,,,,,,,,,,,,,
,,,,,,,,,,,,,,,,,,,,,,,,,,
,,,,,,,,,,,,,,,,,,,,,,,,,,
,,,,,,,,,,,,,,,,,,,,,,,,,,
,,,,,,,,,,,,,,,,,,,,,,,,,,
,,,,,,,,,,,,,,,,,,,,,,,,,,
,,,,,,,,,,,,,,,,,,,,,,,,,,
,,,,,,,,,,,,,,,,,,,,,,,,,,
,,,,,,,,,,,,,,,,,,,,,,,,,,
,,,,,,,,,,,,,,,,,,,,,,,,,,
,,,,,,,,,,,,,,,,,,,,,,,,,,
,,,,,,,,,,,,,,,,,,,,,,,,,,
,,,,,,,,,,,,,,,,,,,,,,,,,,
,,,,,,,,,,,,,,,,,,,,,,,,,,
,,,,,,,,,,,,,,,,,,,,,,,,,,
,,,,,,,,,,,,,,,,,,,,,,,,,,
,,,,,,,,,,,,,,,,,,,,,,,,,,
,,,,,,,,,,,,,,,,,,,,,,,,,,
,,,,,,,,,,,,,,,,,,,,,,,,,,
,,,,,,,,,,,,,,,,,,,,,,,,,,
,,,,,,,,,,,,,,,,,,,,,,,,,,
,,,,,,,,,,,,,,,,,,,,,,,,,,
,,,,,,,,,,,,,,,,,,,,,,,,,,
,,,,,,,,,,,,,,,,,,,,,,,,,,
,,,,,,,,,,,,,,,,,,,,,,,,,,
,,,,,,,,,,,,,,,,,,,,,,,,,,
,,,,,,,,,,,,,,,,,,,,,,,,,,
,,,,,,,,,,,,,,,,,,,,,,,,,,
,,,,,,,,,,,,,,,,,,,,,,,,,,
,,,,,,,,,,,,,,,,,,,,,,,,,,
,,,,,,,,,,,,,,,,,,,,,,,,,,
